filepath,label,district,institution,gender,age,date,serial_number,character_class
female/0/1_DHA_17_2_176.jpg,0,DHA,,Female,17,,176,2
female/7/1_KIS_17_2_109.jpg,7,KIS,,Female,17,,109,2
female/59/1_DHA_17_2_187.jpg,59,DHA,,Female,17,,187,2
female/61/1_BAG_13_1_1100.jpg,61,BAG,,Female,13,,1100,1
female/61/1_BAR_11_1_767.jpg,61,BAR,,Female,11,,767,1
female/61/1_BAR_12_1_371.jpg,61,BAR,,Female,12,,371,1
female/61/1_BAR_12_1_372.jpg,61,BAR,,Female,12,,372,1
female/61/1_BAR_12_1_379.jpg,61,BAR,,Female,12,,379,1
female/61/1_BAR_12_1_380.jpg,61,BAR,,Female,12,,380,1
female/61/1_BAR_12_1_396.jpg,61,BAR,,Female,12,,396,1
female/61/1_BAR_12_1_397.jpg,61,BAR,,Female,12,,397,1
female/61/1_BAR_12_1_450.jpg,61,BAR,,Female,12,,450,1
female/61/1_BAR_12_1_753.jpg,61,BAR,,Female,12,,753,1
female/61/1_BAR_13_1_1049.jpg,61,BAR,,Female,13,,1049,1
female/61/1_BAR_13_1_1063.jpg,61,BAR,,Female,13,,1063,1
female/61/1_BAR_13_1_1086.jpg,61,BAR,,Female,13,,1086,1
female/61/1_BAR_13_1_1099.jpg,61,BAR,,Female,13,,1099,1
female/61/1_BAR_13_1_1134.jpg,61,BAR,,Female,13,,1134,1
female/61/1_BAR_13_1_370.jpg,61,BAR,,Female,13,,370,1
female/61/1_BAR_13_1_373.jpg,61,BAR,,Female,13,,373,1
female/61/1_BAR_13_1_374.jpg,61,BAR,,Female,13,,374,1
female/61/1_BAR_13_1_375.jpg,61,BAR,,Female,13,,375,1
female/61/1_BAR_13_1_376.jpg,61,BAR,,Female,13,,376,1
female/61/1_BAR_13_1_377.jpg,61,BAR,,Female,13,,377,1
female/61/1_BAR_13_1_378.jpg,61,BAR,,Female,13,,378,1
female/61/1_BAR_13_1_381.jpg,61,BAR,,Female,13,,381,1
female/61/1_BAR_13_1_382.jpg,61,BAR,,Female,13,,382,1
female/61/1_BAR_13_1_385.jpg,61,BAR,,Female,13,,385,1
female/61/1_BAR_13_1_386.jpg,61,BAR,,Female,13,,386,1
female/61/1_BAR_13_1_387.jpg,61,BAR,,Female,13,,387,1
female/61/1_BAR_13_1_388.jpg,61,BAR,,Female,13,,388,1
female/61/1_BAR_13_1_394.jpg,61,BAR,,Female,13,,394,1
female/61/1_BAR_13_1_395.jpg,61,BAR,,Female,13,,395,1
female/61/1_BAR_13_1_398.jpg,61,BAR,,Female,13,,398,1
female/61/1_BAR_13_1_399.jpg,61,BAR,,Female,13,,399,1
female/61/1_BAR_13_1_400.jpg,61,BAR,,Female,13,,400,1
female/61/1_BAR_13_1_401.jpg,61,BAR,,Female,13,,401,1
female/61/1_BAR_13_1_402.jpg,61,BAR,,Female,13,,402,1
female/61/1_BAR_13_1_403.jpg,61,BAR,,Female,13,,403,1
female/61/1_BAR_13_1_404.jpg,61,BAR,,Female,13,,404,1
female/61/1_BAR_13_1_405.jpg,61,BAR,,Female,13,,405,1
female/61/1_BAR_13_1_431.jpg,61,BAR,,Female,13,,431,1
female/61/1_BAR_13_1_433.jpg,61,BAR,,Female,13,,433,1
female/61/1_BAR_13_1_436.jpg,61,BAR,,Female,13,,436,1
female/61/1_BAR_13_1_437.jpg,61,BAR,,Female,13,,437,1
female/61/1_BAR_13_1_438.jpg,61,BAR,,Female,13,,438,1
female/61/1_BAR_13_1_445.jpg,61,BAR,,Female,13,,445,1
female/61/1_BAR_13_1_448.jpg,61,BAR,,Female,13,,448,1
female/61/1_BAR_13_1_449.jpg,61,BAR,,Female,13,,449,1
female/61/1_BAR_13_1_451.jpg,61,BAR,,Female,13,,451,1
female/61/1_BAR_13_1_459.jpg,61,BAR,,Female,13,,459,1
female/61/1_BAR_13_1_473.jpg,61,BAR,,Female,13,,473,1
female/61/1_BAR_13_1_483.jpg,61,BAR,,Female,13,,483,1
female/61/1_BAR_13_1_498.jpg,61,BAR,,Female,13,,498,1
female/61/1_BAR_14 _1_597.jpg,61,BAR,,Female,14 ,,597,1
female/61/1_BAR_14_1_1036.jpg,61,BAR,,Female,14,,1036,1
female/61/1_BAR_14_1_1246.jpg,61,BAR,,Female,14,,1246,1
female/61/1_BAR_14_1_363.jpg,61,BAR,,Female,14,,363,1
female/61/1_BAR_14_1_383.jpg,61,BAR,,Female,14,,383,1
female/61/1_BAR_14_1_384.jpg,61,BAR,,Female,14,,384,1
female/61/1_BAR_14_1_389.jpg,61,BAR,,Female,14,,389,1
female/61/1_BAR_14_1_391.jpg,61,BAR,,Female,14,,391,1
female/61/1_BAR_14_1_392.jpg,61,BAR,,Female,14,,392,1
female/61/1_BAR_14_1_393.jpg,61,BAR,,Female,14,,393,1
female/61/1_BAR_14_1_407.jpg,61,BAR,,Female,14,,407,1
female/61/1_BAR_14_1_409.jpg,61,BAR,,Female,14,,409,1
female/61/1_BAR_14_1_410.jpg,61,BAR,,Female,14,,410,1
female/61/1_BAR_14_1_411.jpg,61,BAR,,Female,14,,411,1
female/61/1_BAR_14_1_413.jpg,61,BAR,,Female,14,,413,1
female/61/1_BAR_14_1_414.jpg,61,BAR,,Female,14,,414,1
female/61/1_BAR_14_1_415.jpg,61,BAR,,Female,14,,415,1
female/61/1_BAR_14_1_420.jpg,61,BAR,,Female,14,,420,1
female/61/1_BAR_14_1_421.jpg,61,BAR,,Female,14,,421,1
female/61/1_BAR_14_1_422.jpg,61,BAR,,Female,14,,422,1
female/61/1_BAR_14_1_423.jpg,61,BAR,,Female,14,,423,1
female/61/1_BAR_14_1_434.jpg,61,BAR,,Female,14,,434,1
female/61/1_BAR_14_1_435.jpg,61,BAR,,Female,14,,435,1
female/61/1_BAR_14_1_439.jpg,61,BAR,,Female,14,,439,1
female/61/1_BAR_14_1_440.jpg,61,BAR,,Female,14,,440,1
female/61/1_BAR_14_1_441.jpg,61,BAR,,Female,14,,441,1
female/61/1_BAR_14_1_442.jpg,61,BAR,,Female,14,,442,1
female/61/1_BAR_14_1_443.jpg,61,BAR,,Female,14,,443,1
female/61/1_BAR_14_1_444.jpg,61,BAR,,Female,14,,444,1
female/61/1_BAR_14_1_446.jpg,61,BAR,,Female,14,,446,1
female/61/1_BAR_14_1_447.jpg,61,BAR,,Female,14,,447,1
female/61/1_BAR_14_1_452.jpg,61,BAR,,Female,14,,452,1
female/61/1_BAR_14_1_453.jpg,61,BAR,,Female,14,,453,1
female/61/1_BAR_14_1_454.jpg,61,BAR,,Female,14,,454,1
female/61/1_BAR_14_1_455.jpg,61,BAR,,Female,14,,455,1
female/61/1_BAR_14_1_456.jpg,61,BAR,,Female,14,,456,1
female/61/1_BAR_14_1_457.jpg,61,BAR,,Female,14,,457,1
female/61/1_BAR_14_1_458.jpg,61,BAR,,Female,14,,458,1
female/61/1_BAR_14_1_460.jpg,61,BAR,,Female,14,,460,1
female/61/1_BAR_14_1_461.jpg,61,BAR,,Female,14,,461,1
female/61/1_BAR_14_1_462.jpg,61,BAR,,Female,14,,462,1
female/61/1_BAR_14_1_465.jpg,61,BAR,,Female,14,,465,1
female/61/1_BAR_14_1_466.jpg,61,BAR,,Female,14,,466,1
female/61/1_BAR_14_1_467.jpg,61,BAR,,Female,14,,467,1
female/61/1_BAR_14_1_468.jpg,61,BAR,,Female,14,,468,1
female/61/1_BAR_14_1_474.jpg,61,BAR,,Female,14,,474,1
female/61/1_BAR_14_1_475.jpg,61,BAR,,Female,14,,475,1
female/61/1_BAR_14_1_476.jpg,61,BAR,,Female,14,,476,1
female/61/1_BAR_14_1_480.jpg,61,BAR,,Female,14,,480,1
female/61/1_BAR_14_1_482.jpg,61,BAR,,Female,14,,482,1
female/61/1_BAR_14_1_484.jpg,61,BAR,,Female,14,,484,1
female/61/1_BAR_14_1_488.jpg,61,BAR,,Female,14,,488,1
female/61/1_BAR_14_1_594.jpg,61,BAR,,Female,14,,594,1
female/61/1_BAR_14_1_596.jpg,61,BAR,,Female,14,,596,1
female/61/1_BAR_14_1_598.jpg,61,BAR,,Female,14,,598,1
female/61/1_BAR_14_1_599.jpg,61,BAR,,Female,14,,599,1
female/61/1_BAR_14_1_698.jpg,61,BAR,,Female,14,,698,1
female/61/1_BAR_14_1_749.jpg,61,BAR,,Female,14,,749,1
female/61/1_BAR_14_1_789.jpg,61,BAR,,Female,14,,789,1
female/61/1_BAR_14_1_977.jpg,61,BAR,,Female,14,,977,1
female/61/1_BAR_14__492.jpg,61,BAR,,Female,14,,492,
female/61/1_BAR_15_1_1059.jpg,61,BAR,,Female,15,,1059,1
female/61/1_BAR_15_1_1120.jpg,61,BAR,,Female,15,,1120,1
female/61/1_BAR_15_1_1142.jpg,61,BAR,,Female,15,,1142,1
female/61/1_BAR_15_1_1146.jpg,61,BAR,,Female,15,,1146,1
female/61/1_BAR_15_1_1208.jpg,61,BAR,,Female,15,,1208,1
female/61/1_BAR_15_1_1275.jpg,61,BAR,,Female,15,,1275,1
female/61/1_BAR_15_1_346.jpg,61,BAR,,Female,15,,346,1
female/61/1_BAR_15_1_406.jpg,61,BAR,,Female,15,,406,1
female/61/1_BAR_15_1_408.jpg,61,BAR,,Female,15,,408,1
female/61/1_BAR_15_1_412.jpg,61,BAR,,Female,15,,412,1
female/61/1_BAR_15_1_416.jpg,61,BAR,,Female,15,,416,1
female/61/1_BAR_15_1_417.jpg,61,BAR,,Female,15,,417,1
female/61/1_BAR_15_1_418.jpg,61,BAR,,Female,15,,418,1
female/61/1_BAR_15_1_419.jpg,61,BAR,,Female,15,,419,1
female/61/1_BAR_15_1_463.jpg,61,BAR,,Female,15,,463,1
female/61/1_BAR_15_1_464.jpg,61,BAR,,Female,15,,464,1
female/61/1_BAR_15_1_469.jpg,61,BAR,,Female,15,,469,1
female/61/1_BAR_15_1_470.jpg,61,BAR,,Female,15,,470,1
female/61/1_BAR_15_1_471.jpg,61,BAR,,Female,15,,471,1
female/61/1_BAR_15_1_477.jpg,61,BAR,,Female,15,,477,1
female/61/1_BAR_15_1_478.jpg,61,BAR,,Female,15,,478,1
female/61/1_BAR_15_1_479.jpg,61,BAR,,Female,15,,479,1
female/61/1_BAR_15_1_485.jpg,61,BAR,,Female,15,,485,1
female/61/1_BAR_15_1_486.jpg,61,BAR,,Female,15,,486,1
female/61/1_BAR_15_1_487.jpg,61,BAR,,Female,15,,487,1
female/61/1_BAR_15_1_489.jpg,61,BAR,,Female,15,,489,1
female/61/1_BAR_15_1_490.jpg,61,BAR,,Female,15,,490,1
female/61/1_BAR_15_1_491.jpg,61,BAR,,Female,15,,491,1
female/61/1_BAR_15_1_493.jpg,61,BAR,,Female,15,,493,1
female/61/1_BAR_15_1_494.jpg,61,BAR,,Female,15,,494,1
female/61/1_BAR_15_1_566.jpg,61,BAR,,Female,15,,566,1
female/61/1_BAR_15_1_571.jpg,61,BAR,,Female,15,,571,1
female/61/1_BAR_15_1_591.jpg,61,BAR,,Female,15,,591,1
female/61/1_BAR_15_1_592.jpg,61,BAR,,Female,15,,592,1
female/61/1_BAR_15_1_593.jpg,61,BAR,,Female,15,,593,1
female/61/1_BAR_15_1_595.jpg,61,BAR,,Female,15,,595,1
female/61/1_BAR_15_1_795.jpg,61,BAR,,Female,15,,795,1
female/61/1_BAR_15_2_1255.jpg,61,BAR,,Female,15,,1255,2
female/61/1_BAR_15_2_280.jpg,61,BAR,,Female,15,,280,2
female/61/1_BAR_16_1_1154.jpg,61,BAR,,Female,16,,1154,1
female/61/1_BAR_16_1_1240.jpg,61,BAR,,Female,16,,1240,1
female/61/1_BAR_16_1_1281.jpg,61,BAR,,Female,16,,1281,1
female/61/1_BAR_16_1_481.jpg,61,BAR,,Female,16,,481,1
female/61/1_BAR_16_2_1003.jpg,61,BAR,,Female,16,,1003,2
female/61/1_BAR_16_2_142.jpg,61,BAR,,Female,16,,142,2
female/61/1_BAR_16_2_204.jpg,61,BAR,,Female,16,,204,2
female/61/1_BAR_16_2_62.jpg,61,BAR,,Female,16,,62,2
female/61/1_BAR_16_2_848.jpg,61,BAR,,Female,16,,848,2
female/61/1_BAR_16_2_899.jpg,61,BAR,,Female,16,,899,2
female/61/1_BAR_16_2_943.jpg,61,BAR,,Female,16,,943,2
female/61/1_BAR_16_2_946.jpg,61,BAR,,Female,16,,946,2
female/61/1_BAR_16_2_948.jpg,61,BAR,,Female,16,,948,2
female/61/1_BAR_16_2_989.jpg,61,BAR,,Female,16,,989,2
female/61/1_BAR_17_1_1026.jpg,61,BAR,,Female,17,,1026,1
female/61/1_BAR_17_2_1268.jpg,61,BAR,,Female,17,,1268,2
female/61/1_BAR_17_2_206.jpg,61,BAR,,Female,17,,206,2
female/61/1_BAR_17_2_243.jpg,61,BAR,,Female,17,,243,2
female/61/1_BAR_17_2_287.jpg,61,BAR,,Female,17,,287,2
female/61/1_BAR_17_2_305.jpg,61,BAR,,Female,17,,305,2
female/61/1_BAR_17_2_325.jpg,61,BAR,,Female,17,,325,2
female/61/1_BAR_17_2_58.jpg,61,BAR,,Female,17,,58,2
female/61/1_BAR_17_2_80.jpg,61,BAR,,Female,17,,80,2
female/61/1_BAR_17_2_81.jpg,61,BAR,,Female,17,,81,2
female/61/1_BAR_17_2_891.jpg,61,BAR,,Female,17,,891,2
female/61/1_BAR_17_2_986.jpg,61,BAR,,Female,17,,986,2
female/61/1_BAR_17_2_988.jpg,61,BAR,,Female,17,,988,2
female/61/1_BHO_13_1_1007.jpg,61,BHO,,Female,13,,1007,1
female/61/1_BHO_14_1_1096.jpg,61,BHO,,Female,14,,1096,1
female/61/1_BHO_14_1_1102.jpg,61,BHO,,Female,14,,1102,1
female/61/1_BHO_14_1_1214.jpg,61,BHO,,Female,14,,1214,1
female/61/1_BHO_16_1_1029.jpg,61,BHO,,Female,16,,1029,1
female/61/1_BHO_16_2_307.jpg,61,BHO,,Female,16,,307,2
female/61/1_BHO_16_2_330.jpg,61,BHO,,Female,16,,330,2
female/61/1_BHO_16_2_54.jpg,61,BHO,,Female,16,,54,2
female/61/1_BOG_16_2_1006.jpg,61,BOG,,Female,16,,1006,2
female/61/1_BOG_16_2_1297.jpg,61,BOG,,Female,16,,1297,2
female/61/1_BOG_17_2_1001.jpg,61,BOG,,Female,17,,1001,2
female/61/1_BOG_17_2_1284.jpg,61,BOG,,Female,17,,1284,2
female/61/1_BRA_12_1_834.jpg,61,BRA,,Female,12,,834,1
female/61/1_BRA_13_1_972.jpg,61,BRA,,Female,13,,972,1
female/61/1_BRA_14_1_1141.jpg,61,BRA,,Female,14,,1141,1
female/61/1_BRA_14_1_1213.jpg,61,BRA,,Female,14,,1213,1
female/61/1_BRA_14_1_788.jpg,61,BRA,,Female,14,,788,1
female/61/1_BRA_15_1_1148.jpg,61,BRA,,Female,15,,1148,1
female/61/1_BRA_15_1_1212.jpg,61,BRA,,Female,15,,1212,1
female/61/1_BRA_15_1_1248.jpg,61,BRA,,Female,15,,1248,1
female/61/1_BRA_15_1_956.jpg,61,BRA,,Female,15,,956,1
female/61/1_BRA_16_1_1046.jpg,61,BRA,,Female,16,,1046,1
female/61/1_BRA_16_1_1239.jpg,61,BRA,,Female,16,,1239,1
female/61/1_BRA_17_2_1113.jpg,61,BRA,,Female,17,,1113,2
female/61/1_BRA_17_2_1267.jpg,61,BRA,,Female,17,,1267,2
female/61/1_BRA_17_2_877.jpg,61,BRA,,Female,17,,877,2
female/61/1_BRA_17_2_893.jpg,61,BRA,,Female,17,,893,2
female/61/1_BRA_17_2_906.jpg,61,BRA,,Female,17,,906,2
female/61/1_CHA_12_1_1227.jpg,61,CHA,,Female,12,,1227,1
female/61/1_CHA_13_1_1014.jpg,61,CHA,,Female,13,,1014,1
female/61/1_CHA_13_1_1075.jpg,61,CHA,,Female,13,,1075,1
female/61/1_CHA_13_1_1098.jpg,61,CHA,,Female,13,,1098,1
female/61/1_CHA_13_1_1200.jpg,61,CHA,,Female,13,,1200,1
female/61/1_CHA_13_1_828.jpg,61,CHA,,Female,13,,828,1
female/61/1_CHA_14_1_1181.jpg,61,CHA,,Female,14,,1181,1
female/61/1_CHA_14_1_1182.jpg,61,CHA,,Female,14,,1182,1
female/61/1_CHA_14_1_693.jpg,61,CHA,,Female,14,,693,1
female/61/1_CHA_14_1_700.jpg,61,CHA,,Female,14,,700,1
female/61/1_CHA_14_1_722.jpg,61,CHA,,Female,14,,722,1
female/61/1_CHA_14_1_785.jpg,61,CHA,,Female,14,,785,1
female/61/1_CHA_14_2_1132.jpg,61,CHA,,Female,14,,1132,2
female/61/1_CHA_15_1_1145.jpg,61,CHA,,Female,15,,1145,1
female/61/1_CHA_15_1_691.jpg,61,CHA,,Female,15,,691,1
female/61/1_CHA_15_1_706.jpg,61,CHA,,Female,15,,706,1
female/61/1_CHA_15_1_783.jpg,61,CHA,,Female,15,,783,1
female/61/1_CHA_15_1_784.jpg,61,CHA,,Female,15,,784,1
female/61/1_CHA_15_1_807.jpg,61,CHA,,Female,15,,807,1
female/61/1_CHA_15_1_994.jpg,61,CHA,,Female,15,,994,1
female/61/1_CHA_16_1_1012.jpg,61,CHA,,Female,16,,1012,1
female/61/1_CHA_16_1_1078.jpg,61,CHA,,Female,16,,1078,1
female/61/1_CHA_16_1_1114.jpg,61,CHA,,Female,16,,1114,1
female/61/1_CHA_16_1_1136.jpg,61,CHA,,Female,16,,1136,1
female/61/1_CHA_16_1_1156.jpg,61,CHA,,Female,16,,1156,1
female/61/1_CHA_16_1_803.jpg,61,CHA,,Female,16,,803,1
female/61/1_CHA_16_2_116.jpg,61,CHA,,Female,16,,116,2
female/61/1_CHA_16_2_148.jpg,61,CHA,,Female,16,,148,2
female/61/1_CHA_16_2_271.jpg,61,CHA,,Female,16,,271,2
female/61/1_CHA_16_2_279.jpg,61,CHA,,Female,16,,279,2
female/61/1_CHA_16_2_298.jpg,61,CHA,,Female,16,,298,2
female/61/1_CHA_16_2_300.jpg,61,CHA,,Female,16,,300,2
female/61/1_CHA_16_2_47.jpg,61,CHA,,Female,16,,47,2
female/61/1_CHA_16_2_868.jpg,61,CHA,,Female,16,,868,2
female/61/1_CHA_16_2_880.jpg,61,CHA,,Female,16,,880,2
female/61/1_CHA_16_2_950.jpg,61,CHA,,Female,16,,950,2
female/61/1_CHA_16_2_951.jpg,61,CHA,,Female,16,,951,2
female/61/1_CHA_17_1_1027.jpg,61,CHA,,Female,17,,1027,1
female/61/1_CHA_17_2_163.jpg,61,CHA,,Female,17,,163,2
female/61/1_CHA_17_2_268.jpg,61,CHA,,Female,17,,268,2
female/61/1_CHA_17_2_338.jpg,61,CHA,,Female,17,,338,2
female/61/1_CHA_17_2_48.jpg,61,CHA,,Female,17,,48,2
female/61/1_CHA_17_2_840.jpg,61,CHA,,Female,17,,840,2
female/61/1_CHA_17_2_886.jpg,61,CHA,,Female,17,,886,2
female/61/1_CHA_17_2_898.jpg,61,CHA,,Female,17,,898,2
female/61/1_CHA_17_2_944.jpg,61,CHA,,Female,17,,944,2
female/61/1_CHA_17_2_990.jpg,61,CHA,,Female,17,,990,2
female/61/1_CHA_18_2_1129.jpg,61,CHA,,Female,18,,1129,2
female/61/1_CHA_18_2_851.jpg,61,CHA,,Female,18,,851,2
female/61/1_CHA_18_2_874.jpg,61,CHA,,Female,18,,874,2
female/61/1_CHI_11_1_1277.jpg,61,CHI,,Female,11,,1277,1
female/61/1_CHI_12_1_1276.jpg,61,CHI,,Female,12,,1276,1
female/61/1_CHI_13_1_1011.jpg,61,CHI,,Female,13,,1011,1
female/61/1_CHI_13_1_1083.jpg,61,CHI,,Female,13,,1083,1
female/61/1_CHI_14_1_1081.jpg,61,CHI,,Female,14,,1081,1
female/61/1_CHI_15_1_1107.jpg,61,CHI,,Female,15,,1107,1
female/61/1_CHI_16_2_916.jpg,61,CHI,,Female,16,,916,2
female/61/1_CHI_17_2_889.jpg,61,CHI,,Female,17,,889,2
female/61/1_CHU_16_2_33.jpg,61,CHU,,Female,16,,33,2
female/61/1_COMM_15_1_957.jpg,61,COMM,,Female,15,,957,1
female/61/1_COM_11_1_758.jpg,61,COM,,Female,11,,758,1
female/61/1_COM_12_1_648.jpg,61,COM,,Female,12,,648,1
female/61/1_COM_12_1_659.jpg,61,COM,,Female,12,,659,1
female/61/1_COM_12_1_660.jpg,61,COM,,Female,12,,660,1
female/61/1_COM_12_1_680.jpg,61,COM,,Female,12,,680,1
female/61/1_COM_12_1_755.jpg,61,COM,,Female,12,,755,1
female/61/1_COM_12_1_826.jpg,61,COM,,Female,12,,826,1
female/61/1_COM_13_1_1039.jpg,61,COM,,Female,13,,1039,1
female/61/1_COM_13_1_1048.jpg,61,COM,,Female,13,,1048,1
female/61/1_COM_13_1_1053.jpg,61,COM,,Female,13,,1053,1
female/61/1_COM_13_1_1065.jpg,61,COM,,Female,13,,1065,1
female/61/1_COM_13_1_1085.jpg,61,COM,,Female,13,,1085,1
female/61/1_COM_13_1_1091.jpg,61,COM,,Female,13,,1091,1
female/61/1_COM_13_1_1092.jpg,61,COM,,Female,13,,1092,1
female/61/1_COM_13_1_1095.jpg,61,COM,,Female,13,,1095,1
female/61/1_COM_13_1_1104.jpg,61,COM,,Female,13,,1104,1
female/61/1_COM_13_1_1133.jpg,61,COM,,Female,13,,1133,1
female/61/1_COM_13_1_1166.jpg,61,COM,,Female,13,,1166,1
female/61/1_COM_13_1_1167.jpg,61,COM,,Female,13,,1167,1
female/61/1_COM_13_1_1173.jpg,61,COM,,Female,13,,1173,1
female/61/1_COM_13_1_1179.jpg,61,COM,,Female,13,,1179,1
female/61/1_COM_13_1_1185.jpg,61,COM,,Female,13,,1185,1
female/61/1_COM_13_1_1235.jpg,61,COM,,Female,13,,1235,1
female/61/1_COM_13_1_677.jpg,61,COM,,Female,13,,677,1
female/61/1_COM_13_1_975.jpg,61,COM,,Female,13,,975,1
female/61/1_COM_14_1_1050.jpg,61,COM,,Female,14,,1050,1
female/61/1_COM_14_1_1087.jpg,61,COM,,Female,14,,1087,1
female/61/1_COM_14_1_1093.jpg,61,COM,,Female,14,,1093,1
female/61/1_COM_14_1_1163.jpg,61,COM,,Female,14,,1163,1
female/61/1_COM_14_1_1197.jpg,61,COM,,Female,14,,1197,1
female/61/1_COM_14_1_351.jpg,61,COM,,Female,14,,351,1
female/61/1_COM_14_1_355.jpg,61,COM,,Female,14,,355,1
female/61/1_COM_14_1_390.jpg,61,COM,,Female,14,,390,1
female/61/1_COM_14_1_514.jpg,61,COM,,Female,14,,514,1
female/61/1_COM_14_1_696.jpg,61,COM,,Female,14,,696,1
female/61/1_COM_14_1_699.jpg,61,COM,,Female,14,,699,1
female/61/1_COM_14_1_703.jpg,61,COM,,Female,14,,703,1
female/61/1_COM_14_1_717.jpg,61,COM,,Female,14,,717,1
female/61/1_COM_14_1_719.jpg,61,COM,,Female,14,,719,1
female/61/1_COM_14_1_736.jpg,61,COM,,Female,14,,736,1
female/61/1_COM_14_1_798.jpg,61,COM,,Female,14,,798,1
female/61/1_COM_14_1_967.jpg,61,COM,,Female,14,,967,1
female/61/1_COM_14_1_969.jpg,61,COM,,Female,14,,969,1
female/61/1_COM_14_1_970.jpg,61,COM,,Female,14,,970,1
female/61/1_COM_15_1_1042.jpg,61,COM,,Female,15,,1042,1
female/61/1_COM_15_1_1137.jpg,61,COM,,Female,15,,1137,1
female/61/1_COM_15_1_1151.jpg,61,COM,,Female,15,,1151,1
female/61/1_COM_15_1_1153.jpg,61,COM,,Female,15,,1153,1
female/61/1_COM_15_1_1155.jpg,61,COM,,Female,15,,1155,1
female/61/1_COM_15_1_1198.jpg,61,COM,,Female,15,,1198,1
female/61/1_COM_15_1_1201.jpg,61,COM,,Female,15,,1201,1
female/61/1_COM_15_1_1224.jpg,61,COM,,Female,15,,1224,1
female/61/1_COM_15_1_1244.jpg,61,COM,,Female,15,,1244,1
female/61/1_COM_15_1_1247.jpg,61,COM,,Female,15,,1247,1
female/61/1_COM_15_1_1257.jpg,61,COM,,Female,15,,1257,1
female/61/1_COM_15_1_613.jpg,61,COM,,Female,15,,613,1
female/61/1_COM_15_1_709.jpg,61,COM,,Female,15,,709,1
female/61/1_COM_15_1_711.jpg,61,COM,,Female,15,,711,1
female/61/1_COM_15_1_725.jpg,61,COM,,Female,15,,725,1
female/61/1_COM_15_1_729.jpg,61,COM,,Female,15,,729,1
female/61/1_COM_15_1_773.jpg,61,COM,,Female,15,,773,1
female/61/1_COM_15_1_774.jpg,61,COM,,Female,15,,774,1
female/61/1_COM_15_1_962.jpg,61,COM,,Female,15,,962,1
female/61/1_COM_15_2_933.jpg,61,COM,,Female,15,,933,2
female/61/1_COM_15_2_952.jpg,61,COM,,Female,15,,952,2
female/61/1_COM_16_1_1037.jpg,61,COM,,Female,16,,1037,1
female/61/1_COM_16_1_1106.jpg,61,COM,,Female,16,,1106,1
female/61/1_COM_16_1_1205.jpg,61,COM,,Female,16,,1205,1
female/61/1_COM_16_1_366.jpg,61,COM,,Female,16,,366,1
female/61/1_COM_16_1_762.jpg,61,COM,,Female,16,,762,1
female/61/1_COM_16_1_776.jpg,61,COM,,Female,16,,776,1
female/61/1_COM_16_2_1.jpg,61,COM,,Female,16,,1,2
female/61/1_COM_16_2_1130.jpg,61,COM,,Female,16,,1130,2
female/61/1_COM_16_2_1243.jpg,61,COM,,Female,16,,1243,2
female/61/1_COM_16_2_127.jpg,61,COM,,Female,16,,127,2
female/61/1_COM_16_2_1282.jpg,61,COM,,Female,16,,1282,2
female/61/1_COM_16_2_1285.jpg,61,COM,,Female,16,,1285,2
female/61/1_COM_16_2_1292.jpg,61,COM,,Female,16,,1292,2
female/61/1_COM_16_2_1298.jpg,61,COM,,Female,16,,1298,2
female/61/1_COM_16_2_29.jpg,61,COM,,Female,16,,29,2
female/61/1_COM_16_2_304.jpg,61,COM,,Female,16,,304,2
female/61/1_COM_16_2_335.jpg,61,COM,,Female,16,,335,2
female/61/1_COM_16_2_339.jpg,61,COM,,Female,16,,339,2
female/61/1_COM_16_2_35.jpg,61,COM,,Female,16,,35,2
female/61/1_COM_16_2_926.jpg,61,COM,,Female,16,,926,2
female/61/1_COM_16_2_928.jpg,61,COM,,Female,16,,928,2
female/61/1_COM_16_2_934.jpg,61,COM,,Female,16,,934,2
female/61/1_COM_16_2_935.jpg,61,COM,,Female,16,,935,2
female/61/1_COM_16_2_945.jpg,61,COM,,Female,16,,945,2
female/61/1_COM_16_2_992.jpg,61,COM,,Female,16,,992,2
female/61/1_COM_16_2_996.jpg,61,COM,,Female,16,,996,2
female/61/1_COM_16_2_997.jpg,61,COM,,Female,16,,997,2
female/61/1_COM_17_1_1209.jpg,61,COM,,Female,17,,1209,1
female/61/1_COM_17_1_1210.jpg,61,COM,,Female,17,,1210,1
female/61/1_COM_17_1_1233.jpg,61,COM,,Female,17,,1233,1
female/61/1_COM_17_1_1238.jpg,61,COM,,Female,17,,1238,1
female/61/1_COM_17_1_1300.jpg,61,COM,,Female,17,,1300,1
female/61/1_COM_17_2_1125.jpg,61,COM,,Female,17,,1125,2
female/61/1_COM_17_2_1283.jpg,61,COM,,Female,17,,1283,2
female/61/1_COM_17_2_1289.jpg,61,COM,,Female,17,,1289,2
female/61/1_COM_17_2_139.jpg,61,COM,,Female,17,,139,2
female/61/1_COM_17_2_143.jpg,61,COM,,Female,17,,143,2
female/61/1_COM_17_2_144.jpg,61,COM,,Female,17,,144,2
female/61/1_COM_17_2_149.jpg,61,COM,,Female,17,,149,2
female/61/1_COM_17_2_152.jpg,61,COM,,Female,17,,152,2
female/61/1_COM_17_2_194.jpg,61,COM,,Female,17,,194,2
female/61/1_COM_17_2_263.jpg,61,COM,,Female,17,,263,2
female/61/1_COM_17_2_320.jpg,61,COM,,Female,17,,320,2
female/61/1_COM_17_2_327.jpg,61,COM,,Female,17,,327,2
female/61/1_COM_17_2_70.jpg,61,COM,,Female,17,,70,2
female/61/1_COM_17_2_78.jpg,61,COM,,Female,17,,78,2
female/61/1_COM_17_2_86.jpg,61,COM,,Female,17,,86,2
female/61/1_COM_17_2_865.jpg,61,COM,,Female,17,,865,2
female/61/1_COM_17_2_87.jpg,61,COM,,Female,17,,87,2
female/61/1_COM_17_2_881.jpg,61,COM,,Female,17,,881,2
female/61/1_COM_17_2_882.jpg,61,COM,,Female,17,,882,2
female/61/1_COM_17_2_885.jpg,61,COM,,Female,17,,885,2
female/61/1_COM_17_2_894.jpg,61,COM,,Female,17,,894,2
female/61/1_COM_17_2_938.jpg,61,COM,,Female,17,,938,2
female/61/1_COM_18_2_105.jpg,61,COM,,Female,18,,105,2
female/61/1_COM_18_2_1290.jpg,61,COM,,Female,18,,1290,2
female/61/1_COM_18_2_214.jpg,61,COM,,Female,18,,214,2
female/61/1_COM_18_2_24.jpg,61,COM,,Female,18,,24,2
female/61/1_COM_18_2_879.jpg,61,COM,,Female,18,,879,2
female/61/1_DHA_11_1_1258.jpg,61,DHA,,Female,11,,1258,1
female/61/1_DHA_11_1_645.jpg,61,DHA,,Female,11,,645,1
female/61/1_DHA_11_1_670.jpg,61,DHA,,Female,11,,670,1
female/61/1_DHA_11_1_741.jpg,61,DHA,,Female,11,,741,1
female/61/1_DHA_11_1_768.jpg,61,DHA,,Female,11,,768,1
female/61/1_DHA_11_1_769.jpg,61,DHA,,Female,11,,769,1
female/61/1_DHA_12_1_1225.jpg,61,DHA,,Female,12,,1225,1
female/61/1_DHA_12_1_1263.jpg,61,DHA,,Female,12,,1263,1
female/61/1_DHA_12_1_1265.jpg,61,DHA,,Female,12,,1265,1
female/61/1_DHA_12_1_428.jpg,61,DHA,,Female,12,,428,1
female/61/1_DHA_12_1_640.jpg,61,DHA,,Female,12,,640,1
female/61/1_DHA_12_1_641.jpg,61,DHA,,Female,12,,641,1
female/61/1_DHA_12_1_642.jpg,61,DHA,,Female,12,,642,1
female/61/1_DHA_12_1_644.jpg,61,DHA,,Female,12,,644,1
female/61/1_DHA_12_1_646.jpg,61,DHA,,Female,12,,646,1
female/61/1_DHA_12_1_650.jpg,61,DHA,,Female,12,,650,1
female/61/1_DHA_12_1_651.jpg,61,DHA,,Female,12,,651,1
female/61/1_DHA_12_1_652.jpg,61,DHA,,Female,12,,652,1
female/61/1_DHA_12_1_653.jpg,61,DHA,,Female,12,,653,1
female/61/1_DHA_12_1_654.jpg,61,DHA,,Female,12,,654,1
female/61/1_DHA_12_1_655.jpg,61,DHA,,Female,12,,655,1
female/61/1_DHA_12_1_656.jpg,61,DHA,,Female,12,,656,1
female/61/1_DHA_12_1_657.jpg,61,DHA,,Female,12,,657,1
female/61/1_DHA_12_1_658.jpg,61,DHA,,Female,12,,658,1
female/61/1_DHA_12_1_663.jpg,61,DHA,,Female,12,,663,1
female/61/1_DHA_12_1_664.jpg,61,DHA,,Female,12,,664,1
female/61/1_DHA_12_1_665.jpg,61,DHA,,Female,12,,665,1
female/61/1_DHA_12_1_668.jpg,61,DHA,,Female,12,,668,1
female/61/1_DHA_12_1_673.jpg,61,DHA,,Female,12,,673,1
female/61/1_DHA_12_1_675.jpg,61,DHA,,Female,12,,675,1
female/61/1_DHA_12_1_678.jpg,61,DHA,,Female,12,,678,1
female/61/1_DHA_12_1_679.jpg,61,DHA,,Female,12,,679,1
female/61/1_DHA_12_1_682.jpg,61,DHA,,Female,12,,682,1
female/61/1_DHA_12_1_752.jpg,61,DHA,,Female,12,,752,1
female/61/1_DHA_13_1_1016.jpg,61,DHA,,Female,13,,1016,1
female/61/1_DHA_13_1_1061.jpg,61,DHA,,Female,13,,1061,1
female/61/1_DHA_13_1_1062.jpg,61,DHA,,Female,13,,1062,1
female/61/1_DHA_13_1_1064.jpg,61,DHA,,Female,13,,1064,1
female/61/1_DHA_13_1_1074.jpg,61,DHA,,Female,13,,1074,1
female/61/1_DHA_13_1_1103.jpg,61,DHA,,Female,13,,1103,1
female/61/1_DHA_13_1_1169.jpg,61,DHA,,Female,13,,1169,1
female/61/1_DHA_13_1_1172.jpg,61,DHA,,Female,13,,1172,1
female/61/1_DHA_13_1_1174.jpg,61,DHA,,Female,13,,1174,1
female/61/1_DHA_13_1_1180.jpg,61,DHA,,Female,13,,1180,1
female/61/1_DHA_13_1_1183.jpg,61,DHA,,Female,13,,1183,1
female/61/1_DHA_13_1_1191.jpg,61,DHA,,Female,13,,1191,1
female/61/1_DHA_13_1_1193.jpg,61,DHA,,Female,13,,1193,1
female/61/1_DHA_13_1_362.jpg,61,DHA,,Female,13,,362,1
female/61/1_DHA_13_1_424.jpg,61,DHA,,Female,13,,424,1
female/61/1_DHA_13_1_425.jpg,61,DHA,,Female,13,,425,1
female/61/1_DHA_13_1_426.jpg,61,DHA,,Female,13,,426,1
female/61/1_DHA_13_1_505.jpg,61,DHA,,Female,13,,505,1
female/61/1_DHA_13_1_511.jpg,61,DHA,,Female,13,,511,1
female/61/1_DHA_13_1_601.jpg,61,DHA,,Female,13,,601,1
female/61/1_DHA_13_1_605.jpg,61,DHA,,Female,13,,605,1
female/61/1_DHA_13_1_617.jpg,61,DHA,,Female,13,,617,1
female/61/1_DHA_13_1_623.jpg,61,DHA,,Female,13,,623,1
female/61/1_DHA_13_1_643.jpg,61,DHA,,Female,13,,643,1
female/61/1_DHA_13_1_732.jpg,61,DHA,,Female,13,,732,1
female/61/1_DHA_13_1_733.jpg,61,DHA,,Female,13,,733,1
female/61/1_DHA_13_1_756.jpg,61,DHA,,Female,13,,756,1
female/61/1_DHA_13_1_787.jpg,61,DHA,,Female,13,,787,1
female/61/1_DHA_13_1_827.jpg,61,DHA,,Female,13,,827,1
female/61/1_DHA_14_1_1051.jpg,61,DHA,,Female,14,,1051,1
female/61/1_DHA_14_1_1171.jpg,61,DHA,,Female,14,,1171,1
female/61/1_DHA_14_1_1177.jpg,61,DHA,,Female,14,,1177,1
female/61/1_DHA_14_1_1178.jpg,61,DHA,,Female,14,,1178,1
female/61/1_DHA_14_1_1186.jpg,61,DHA,,Female,14,,1186,1
female/61/1_DHA_14_1_1187.jpg,61,DHA,,Female,14,,1187,1
female/61/1_DHA_14_1_1188.jpg,61,DHA,,Female,14,,1188,1
female/61/1_DHA_14_1_1189.jpg,61,DHA,,Female,14,,1189,1
female/61/1_DHA_14_1_1190.jpg,61,DHA,,Female,14,,1190,1
female/61/1_DHA_14_1_1234.jpg,61,DHA,,Female,14,,1234,1
female/61/1_DHA_14_1_1251.jpg,61,DHA,,Female,14,,1251,1
female/61/1_DHA_14_1_1252.jpg,61,DHA,,Female,14,,1252,1
female/61/1_DHA_14_1_1253.jpg,61,DHA,,Female,14,,1253,1
female/61/1_DHA_14_1_1264.jpg,61,DHA,,Female,14,,1264,1
female/61/1_DHA_14_1_348.jpg,61,DHA,,Female,14,,348,1
female/61/1_DHA_14_1_350.jpg,61,DHA,,Female,14,,350,1
female/61/1_DHA_14_1_359.jpg,61,DHA,,Female,14,,359,1
female/61/1_DHA_14_1_360.jpg,61,DHA,,Female,14,,360,1
female/61/1_DHA_14_1_361.jpg,61,DHA,,Female,14,,361,1
female/61/1_DHA_14_1_369.jpg,61,DHA,,Female,14,,369,1
female/61/1_DHA_14_1_429.jpg,61,DHA,,Female,14,,429,1
female/61/1_DHA_14_1_504.jpg,61,DHA,,Female,14,,504,1
female/61/1_DHA_14_1_506.jpg,61,DHA,,Female,14,,506,1
female/61/1_DHA_14_1_507.jpg,61,DHA,,Female,14,,507,1
female/61/1_DHA_14_1_508.jpg,61,DHA,,Female,14,,508,1
female/61/1_DHA_14_1_512.jpg,61,DHA,,Female,14,,512,1
female/61/1_DHA_14_1_518.jpg,61,DHA,,Female,14,,518,1
female/61/1_DHA_14_1_523.jpg,61,DHA,,Female,14,,523,1
female/61/1_DHA_14_1_531.jpg,61,DHA,,Female,14,,531,1
female/61/1_DHA_14_1_542.jpg,61,DHA,,Female,14,,542,1
female/61/1_DHA_14_1_543.jpg,61,DHA,,Female,14,,543,1
female/61/1_DHA_14_1_544.jpg,61,DHA,,Female,14,,544,1
female/61/1_DHA_14_1_545.jpg,61,DHA,,Female,14,,545,1
female/61/1_DHA_14_1_546.jpg,61,DHA,,Female,14,,546,1
female/61/1_DHA_14_1_574.jpg,61,DHA,,Female,14,,574,1
female/61/1_DHA_14_1_576.jpg,61,DHA,,Female,14,,576,1
female/61/1_DHA_14_1_577.jpg,61,DHA,,Female,14,,577,1
female/61/1_DHA_14_1_578.jpg,61,DHA,,Female,14,,578,1
female/61/1_DHA_14_1_589.jpg,61,DHA,,Female,14,,589,1
female/61/1_DHA_14_1_603.jpg,61,DHA,,Female,14,,603,1
female/61/1_DHA_14_1_606.jpg,61,DHA,,Female,14,,606,1
female/61/1_DHA_14_1_607.jpg,61,DHA,,Female,14,,607,1
female/61/1_DHA_14_1_608.jpg,61,DHA,,Female,14,,608,1
female/61/1_DHA_14_1_610.jpg,61,DHA,,Female,14,,610,1
female/61/1_DHA_14_1_612.jpg,61,DHA,,Female,14,,612,1
female/61/1_DHA_14_1_616.jpg,61,DHA,,Female,14,,616,1
female/61/1_DHA_14_1_618.jpg,61,DHA,,Female,14,,618,1
female/61/1_DHA_14_1_619.jpg,61,DHA,,Female,14,,619,1
female/61/1_DHA_14_1_621.jpg,61,DHA,,Female,14,,621,1
female/61/1_DHA_14_1_622.jpg,61,DHA,,Female,14,,622,1
female/61/1_DHA_14_1_624.jpg,61,DHA,,Female,14,,624,1
female/61/1_DHA_14_1_627.jpg,61,DHA,,Female,14,,627,1
female/61/1_DHA_14_1_628.jpg,61,DHA,,Female,14,,628,1
female/61/1_DHA_14_1_629.jpg,61,DHA,,Female,14,,629,1
female/61/1_DHA_14_1_630.jpg,61,DHA,,Female,14,,630,1
female/61/1_DHA_14_1_636.jpg,61,DHA,,Female,14,,636,1
female/61/1_DHA_14_1_637.jpg,61,DHA,,Female,14,,637,1
female/61/1_DHA_14_1_683.jpg,61,DHA,,Female,14,,683,1
female/61/1_DHA_14_1_684.jpg,61,DHA,,Female,14,,684,1
female/61/1_DHA_14_1_685.jpg,61,DHA,,Female,14,,685,1
female/61/1_DHA_14_1_707.jpg,61,DHA,,Female,14,,707,1
female/61/1_DHA_14_1_724.jpg,61,DHA,,Female,14,,724,1
female/61/1_DHA_14_1_726.jpg,61,DHA,,Female,14,,726,1
female/61/1_DHA_14_1_728.jpg,61,DHA,,Female,14,,728,1
female/61/1_DHA_14_1_730.jpg,61,DHA,,Female,14,,730,1
female/61/1_DHA_14_1_731.jpg,61,DHA,,Female,14,,731,1
female/61/1_DHA_14_1_737.jpg,61,DHA,,Female,14,,737,1
female/61/1_DHA_14_1_738.jpg,61,DHA,,Female,14,,738,1
female/61/1_DHA_14_1_739.jpg,61,DHA,,Female,14,,739,1
female/61/1_DHA_14_1_742.jpg,61,DHA,,Female,14,,742,1
female/61/1_DHA_14_1_743.jpg,61,DHA,,Female,14,,743,1
female/61/1_DHA_14_1_744.jpg,61,DHA,,Female,14,,744,1
female/61/1_DHA_14_1_745.jpg,61,DHA,,Female,14,,745,1
female/61/1_DHA_14_1_746.jpg,61,DHA,,Female,14,,746,1
female/61/1_DHA_14_1_750.jpg,61,DHA,,Female,14,,750,1
female/61/1_DHA_14_1_781.jpg,61,DHA,,Female,14,,781,1
female/61/1_DHA_14_1_782.jpg,61,DHA,,Female,14,,782,1
female/61/1_DHA_14_1_802.jpg,61,DHA,,Female,14,,802,1
female/61/1_DHA_14_1_805.jpg,61,DHA,,Female,14,,805,1
female/61/1_DHA_14_1_808.jpg,61,DHA,,Female,14,,808,1
female/61/1_DHA_14_1_811.jpg,61,DHA,,Female,14,,811,1
female/61/1_DHA_14_1_812.jpg,61,DHA,,Female,14,,812,1
female/61/1_DHA_14_1_814.jpg,61,DHA,,Female,14,,814,1
female/61/1_DHA_14_1_815.jpg,61,DHA,,Female,14,,815,1
female/61/1_DHA_14_1_816.jpg,61,DHA,,Female,14,,816,1
female/61/1_DHA_14_1_978.jpg,61,DHA,,Female,14,,978,1
female/61/1_DHA_15_1_1020.jpg,61,DHA,,Female,15,,1020,1
female/61/1_DHA_15_1_1040.jpg,61,DHA,,Female,15,,1040,1
female/61/1_DHA_15_1_1043.jpg,61,DHA,,Female,15,,1043,1
female/61/1_DHA_15_1_1058.jpg,61,DHA,,Female,15,,1058,1
female/61/1_DHA_15_1_1072.jpg,61,DHA,,Female,15,,1072,1
female/61/1_DHA_15_1_1080.jpg,61,DHA,,Female,15,,1080,1
female/61/1_DHA_15_1_1108.jpg,61,DHA,,Female,15,,1108,1
female/61/1_DHA_15_1_1170.jpg,61,DHA,,Female,15,,1170,1
female/61/1_DHA_15_1_1176.jpg,61,DHA,,Female,15,,1176,1
female/61/1_DHA_15_1_1192.jpg,61,DHA,,Female,15,,1192,1
female/61/1_DHA_15_1_1199.jpg,61,DHA,,Female,15,,1199,1
female/61/1_DHA_15_1_1203.jpg,61,DHA,,Female,15,,1203,1
female/61/1_DHA_15_1_1206.jpg,61,DHA,,Female,15,,1206,1
female/61/1_DHA_15_1_1207.jpg,61,DHA,,Female,15,,1207,1
female/61/1_DHA_15_1_1220.jpg,61,DHA,,Female,15,,1220,1
female/61/1_DHA_15_1_1221.jpg,61,DHA,,Female,15,,1221,1
female/61/1_DHA_15_1_1223.jpg,61,DHA,,Female,15,,1223,1
female/61/1_DHA_15_1_1230.jpg,61,DHA,,Female,15,,1230,1
female/61/1_DHA_15_1_1231.jpg,61,DHA,,Female,15,,1231,1
female/61/1_DHA_15_1_1259.jpg,61,DHA,,Female,15,,1259,1
female/61/1_DHA_15_1_1261.jpg,61,DHA,,Female,15,,1261,1
female/61/1_DHA_15_1_1262.jpg,61,DHA,,Female,15,,1262,1
female/61/1_DHA_15_1_3.jpg,61,DHA,,Female,15,,3,1
female/61/1_DHA_15_1_344.jpg,61,DHA,,Female,15,,344,1
female/61/1_DHA_15_1_349.jpg,61,DHA,,Female,15,,349,1
female/61/1_DHA_15_1_353.jpg,61,DHA,,Female,15,,353,1
female/61/1_DHA_15_1_357.jpg,61,DHA,,Female,15,,357,1
female/61/1_DHA_15_1_364.jpg,61,DHA,,Female,15,,364,1
female/61/1_DHA_15_1_365.jpg,61,DHA,,Female,15,,365,1
female/61/1_DHA_15_1_4.jpg,61,DHA,,Female,15,,4,1
female/61/1_DHA_15_1_430.jpg,61,DHA,,Female,15,,430,1
female/61/1_DHA_15_1_432.jpg,61,DHA,,Female,15,,432,1
female/61/1_DHA_15_1_513.jpg,61,DHA,,Female,15,,513,1
female/61/1_DHA_15_1_516.jpg,61,DHA,,Female,15,,516,1
female/61/1_DHA_15_1_517.jpg,61,DHA,,Female,15,,517,1
female/61/1_DHA_15_1_522.jpg,61,DHA,,Female,15,,522,1
female/61/1_DHA_15_1_524.jpg,61,DHA,,Female,15,,524,1
female/61/1_DHA_15_1_525.jpg,61,DHA,,Female,15,,525,1
female/61/1_DHA_15_1_526.jpg,61,DHA,,Female,15,,526,1
female/61/1_DHA_15_1_528.jpg,61,DHA,,Female,15,,528,1
female/61/1_DHA_15_1_529.jpg,61,DHA,,Female,15,,529,1
female/61/1_DHA_15_1_532.jpg,61,DHA,,Female,15,,532,1
female/61/1_DHA_15_1_533.jpg,61,DHA,,Female,15,,533,1
female/61/1_DHA_15_1_534.jpg,61,DHA,,Female,15,,534,1
female/61/1_DHA_15_1_535.jpg,61,DHA,,Female,15,,535,1
female/61/1_DHA_15_1_536.jpg,61,DHA,,Female,15,,536,1
female/61/1_DHA_15_1_537.jpg,61,DHA,,Female,15,,537,1
female/61/1_DHA_15_1_538.jpg,61,DHA,,Female,15,,538,1
female/61/1_DHA_15_1_539.jpg,61,DHA,,Female,15,,539,1
female/61/1_DHA_15_1_540.jpg,61,DHA,,Female,15,,540,1
female/61/1_DHA_15_1_541.jpg,61,DHA,,Female,15,,541,1
female/61/1_DHA_15_1_547.jpg,61,DHA,,Female,15,,547,1
female/61/1_DHA_15_1_548.jpg,61,DHA,,Female,15,,548,1
female/61/1_DHA_15_1_549.jpg,61,DHA,,Female,15,,549,1
female/61/1_DHA_15_1_552.jpg,61,DHA,,Female,15,,552,1
female/61/1_DHA_15_1_553.jpg,61,DHA,,Female,15,,553,1
female/61/1_DHA_15_1_554.jpg,61,DHA,,Female,15,,554,1
female/61/1_DHA_15_1_555.jpg,61,DHA,,Female,15,,555,1
female/61/1_DHA_15_1_556.jpg,61,DHA,,Female,15,,556,1
female/61/1_DHA_15_1_558.jpg,61,DHA,,Female,15,,558,1
female/61/1_DHA_15_1_559.jpg,61,DHA,,Female,15,,559,1
female/61/1_DHA_15_1_560.jpg,61,DHA,,Female,15,,560,1
female/61/1_DHA_15_1_561.jpg,61,DHA,,Female,15,,561,1
female/61/1_DHA_15_1_563.jpg,61,DHA,,Female,15,,563,1
female/61/1_DHA_15_1_564.jpg,61,DHA,,Female,15,,564,1
female/61/1_DHA_15_1_565.jpg,61,DHA,,Female,15,,565,1
female/61/1_DHA_15_1_567.jpg,61,DHA,,Female,15,,567,1
female/61/1_DHA_15_1_568.jpg,61,DHA,,Female,15,,568,1
female/61/1_DHA_15_1_569.jpg,61,DHA,,Female,15,,569,1
female/61/1_DHA_15_1_572.jpg,61,DHA,,Female,15,,572,1
female/61/1_DHA_15_1_573.jpg,61,DHA,,Female,15,,573,1
female/61/1_DHA_15_1_575.jpg,61,DHA,,Female,15,,575,1
female/61/1_DHA_15_1_579.jpg,61,DHA,,Female,15,,579,1
female/61/1_DHA_15_1_581.jpg,61,DHA,,Female,15,,581,1
female/61/1_DHA_15_1_583.jpg,61,DHA,,Female,15,,583,1
female/61/1_DHA_15_1_584.jpg,61,DHA,,Female,15,,584,1
female/61/1_DHA_15_1_585.jpg,61,DHA,,Female,15,,585,1
female/61/1_DHA_15_1_586.jpg,61,DHA,,Female,15,,586,1
female/61/1_DHA_15_1_587.jpg,61,DHA,,Female,15,,587,1
female/61/1_DHA_15_1_588.jpg,61,DHA,,Female,15,,588,1
female/61/1_DHA_15_1_590.jpg,61,DHA,,Female,15,,590,1
female/61/1_DHA_15_1_600.jpg,61,DHA,,Female,15,,600,1
female/61/1_DHA_15_1_602.jpg,61,DHA,,Female,15,,602,1
female/61/1_DHA_15_1_604.jpg,61,DHA,,Female,15,,604,1
female/61/1_DHA_15_1_611.jpg,61,DHA,,Female,15,,611,1
female/61/1_DHA_15_1_614.jpg,61,DHA,,Female,15,,614,1
female/61/1_DHA_15_1_620.jpg,61,DHA,,Female,15,,620,1
female/61/1_DHA_15_1_625.jpg,61,DHA,,Female,15,,625,1
female/61/1_DHA_15_1_626.jpg,61,DHA,,Female,15,,626,1
female/61/1_DHA_15_1_631.jpg,61,DHA,,Female,15,,631,1
female/61/1_DHA_15_1_632.jpg,61,DHA,,Female,15,,632,1
female/61/1_DHA_15_1_633.jpg,61,DHA,,Female,15,,633,1
female/61/1_DHA_15_1_634.jpg,61,DHA,,Female,15,,634,1
female/61/1_DHA_15_1_635.jpg,61,DHA,,Female,15,,635,1
female/61/1_DHA_15_1_686.jpg,61,DHA,,Female,15,,686,1
female/61/1_DHA_15_1_689.jpg,61,DHA,,Female,15,,689,1
female/61/1_DHA_15_1_690.jpg,61,DHA,,Female,15,,690,1
female/61/1_DHA_15_1_708.jpg,61,DHA,,Female,15,,708,1
female/61/1_DHA_15_1_734.jpg,61,DHA,,Female,15,,734,1
female/61/1_DHA_15_1_735.jpg,61,DHA,,Female,15,,735,1
female/61/1_DHA_15_1_740.jpg,61,DHA,,Female,15,,740,1
female/61/1_DHA_15_1_748.jpg,61,DHA,,Female,15,,748,1
female/61/1_DHA_15_1_751.jpg,61,DHA,,Female,15,,751,1
female/61/1_DHA_15_1_763.jpg,61,DHA,,Female,15,,763,1
female/61/1_DHA_15_1_764.jpg,61,DHA,,Female,15,,764,1
female/61/1_DHA_15_1_778.jpg,61,DHA,,Female,15,,778,1
female/61/1_DHA_15_1_792.jpg,61,DHA,,Female,15,,792,1
female/61/1_DHA_15_1_796.jpg,61,DHA,,Female,15,,796,1
female/61/1_DHA_15_1_797.jpg,61,DHA,,Female,15,,797,1
female/61/1_DHA_15_1_804.jpg,61,DHA,,Female,15,,804,1
female/61/1_DHA_15_1_806.jpg,61,DHA,,Female,15,,806,1
female/61/1_DHA_15_1_810.jpg,61,DHA,,Female,15,,810,1
female/61/1_DHA_15_1_813.jpg,61,DHA,,Female,15,,813,1
female/61/1_DHA_15_1_817.jpg,61,DHA,,Female,15,,817,1
female/61/1_DHA_15_1_819.jpg,61,DHA,,Female,15,,819,1
female/61/1_DHA_15_1_820.jpg,61,DHA,,Female,15,,820,1
female/61/1_DHA_15_1_821.jpg,61,DHA,,Female,15,,821,1
female/61/1_DHA_15_1_822.jpg,61,DHA,,Female,15,,822,1
female/61/1_DHA_15_1_823.jpg,61,DHA,,Female,15,,823,1
female/61/1_DHA_15_1_863.jpg,61,DHA,,Female,15,,863,1
female/61/1_DHA_15_2_1000.jpg,61,DHA,,Female,15,,1000,2
female/61/1_DHA_15_2_1002.jpg,61,DHA,,Female,15,,1002,2
female/61/1_DHA_15_2_111.jpg,61,DHA,,Female,15,,111,2
female/61/1_DHA_15_2_112.jpg,61,DHA,,Female,15,,112,2
female/61/1_DHA_15_2_1269.jpg,61,DHA,,Female,15,,1269,2
female/61/1_DHA_15_2_1274.jpg,61,DHA,,Female,15,,1274,2
female/61/1_DHA_15_2_129.jpg,61,DHA,,Female,15,,129,2
female/61/1_DHA_15_2_179.jpg,61,DHA,,Female,15,,179,2
female/61/1_DHA_15_2_322.jpg,61,DHA,,Female,15,,322,2
female/61/1_DHA_15_2_40.jpg,61,DHA,,Female,15,,40,2
female/61/1_DHA_15_2_41.jpg,61,DHA,,Female,15,,41,2
female/61/1_DHA_15_2_84.jpg,61,DHA,,Female,15,,84,2
female/61/1_DHA_15_2_85.jpg,61,DHA,,Female,15,,85,2
female/61/1_DHA_15_2_867.jpg,61,DHA,,Female,15,,867,2
female/61/1_DHA_16_1_1013.jpg,61,DHA,,Female,16,,1013,1
female/61/1_DHA_16_1_1018.jpg,61,DHA,,Female,16,,1018,1
female/61/1_DHA_16_1_1021.jpg,61,DHA,,Female,16,,1021,1
female/61/1_DHA_16_1_1023.jpg,61,DHA,,Female,16,,1023,1
female/61/1_DHA_16_1_1024.jpg,61,DHA,,Female,16,,1024,1
female/61/1_DHA_16_1_1025.jpg,61,DHA,,Female,16,,1025,1
female/61/1_DHA_16_1_1030.jpg,61,DHA,,Female,16,,1030,1
female/61/1_DHA_16_1_1031.jpg,61,DHA,,Female,16,,1031,1
female/61/1_DHA_16_1_1034.jpg,61,DHA,,Female,16,,1034,1
female/61/1_DHA_16_1_1035.jpg,61,DHA,,Female,16,,1035,1
female/61/1_DHA_16_1_1054.jpg,61,DHA,,Female,16,,1054,1
female/61/1_DHA_16_1_1067.jpg,61,DHA,,Female,16,,1067,1
female/61/1_DHA_16_1_1068.jpg,61,DHA,,Female,16,,1068,1
female/61/1_DHA_16_1_1069.jpg,61,DHA,,Female,16,,1069,1
female/61/1_DHA_16_1_1070.jpg,61,DHA,,Female,16,,1070,1
female/61/1_DHA_16_1_1071.jpg,61,DHA,,Female,16,,1071,1
female/61/1_DHA_16_1_1109.jpg,61,DHA,,Female,16,,1109,1
female/61/1_DHA_16_1_1110.jpg,61,DHA,,Female,16,,1110,1
female/61/1_DHA_16_1_1115.jpg,61,DHA,,Female,16,,1115,1
female/61/1_DHA_16_1_1117.jpg,61,DHA,,Female,16,,1117,1
female/61/1_DHA_16_1_1122.jpg,61,DHA,,Female,16,,1122,1
female/61/1_DHA_16_1_1123.jpg,61,DHA,,Female,16,,1123,1
female/61/1_DHA_16_1_1184.jpg,61,DHA,,Female,16,,1184,1
female/61/1_DHA_16_1_1204.jpg,61,DHA,,Female,16,,1204,1
female/61/1_DHA_16_1_1228.jpg,61,DHA,,Female,16,,1228,1
female/61/1_DHA_16_1_1229.jpg,61,DHA,,Female,16,,1229,1
female/61/1_DHA_16_1_1237.jpg,61,DHA,,Female,16,,1237,1
female/61/1_DHA_16_1_1241.jpg,61,DHA,,Female,16,,1241,1
female/61/1_DHA_16_1_1250.jpg,61,DHA,,Female,16,,1250,1
female/61/1_DHA_16_1_343.jpg,61,DHA,,Female,16,,343,1
female/61/1_DHA_16_1_503.jpg,61,DHA,,Female,16,,503,1
female/61/1_DHA_16_1_510.jpg,61,DHA,,Female,16,,510,1
female/61/1_DHA_16_1_527.jpg,61,DHA,,Female,16,,527,1
female/61/1_DHA_16_1_530.jpg,61,DHA,,Female,16,,530,1
female/61/1_DHA_16_1_551.jpg,61,DHA,,Female,16,,551,1
female/61/1_DHA_16_1_562.jpg,61,DHA,,Female,16,,562,1
female/61/1_DHA_16_1_580.jpg,61,DHA,,Female,16,,580,1
female/61/1_DHA_16_1_582.jpg,61,DHA,,Female,16,,582,1
female/61/1_DHA_16_1_809.jpg,61,DHA,,Female,16,,809,1
female/61/1_DHA_16_1_818.jpg,61,DHA,,Female,16,,818,1
female/61/1_DHA_16_1_835.jpg,61,DHA,,Female,16,,835,1
female/61/1_DHA_16_1_864.jpg,61,DHA,,Female,16,,864,1
female/61/1_DHA_16_1_963.jpg,61,DHA,,Female,16,,963,1
female/61/1_DHA_16_2_10.jpg,61,DHA,,Female,16,,10,2
female/61/1_DHA_16_2_1004.jpg,61,DHA,,Female,16,,1004,2
female/61/1_DHA_16_2_104.jpg,61,DHA,,Female,16,,104,2
female/61/1_DHA_16_2_107.jpg,61,DHA,,Female,16,,107,2
female/61/1_DHA_16_2_108.jpg,61,DHA,,Female,16,,108,2
female/61/1_DHA_16_2_11.jpg,61,DHA,,Female,16,,11,2
female/61/1_DHA_16_2_115.jpg,61,DHA,,Female,16,,115,2
female/61/1_DHA_16_2_119.jpg,61,DHA,,Female,16,,119,2
female/61/1_DHA_16_2_12.jpg,61,DHA,,Female,16,,12,2
female/61/1_DHA_16_2_123.jpg,61,DHA,,Female,16,,123,2
female/61/1_DHA_16_2_124.jpg,61,DHA,,Female,16,,124,2
female/61/1_DHA_16_2_1270.jpg,61,DHA,,Female,16,,1270,2
female/61/1_DHA_16_2_1286.jpg,61,DHA,,Female,16,,1286,2
female/61/1_DHA_16_2_1293.jpg,61,DHA,,Female,16,,1293,2
female/61/1_DHA_16_2_1294.jpg,61,DHA,,Female,16,,1294,2
female/61/1_DHA_16_2_13.jpg,61,DHA,,Female,16,,13,2
female/61/1_DHA_16_2_130.jpg,61,DHA,,Female,16,,130,2
female/61/1_DHA_16_2_131.jpg,61,DHA,,Female,16,,131,2
female/61/1_DHA_16_2_132.jpg,61,DHA,,Female,16,,132,2
female/61/1_DHA_16_2_133.jpg,61,DHA,,Female,16,,133,2
female/61/1_DHA_16_2_14.jpg,61,DHA,,Female,16,,14,2
female/61/1_DHA_16_2_141.jpg,61,DHA,,Female,16,,141,2
female/61/1_DHA_16_2_146.jpg,61,DHA,,Female,16,,146,2
female/61/1_DHA_16_2_15.jpg,61,DHA,,Female,16,,15,2
female/61/1_DHA_16_2_154.jpg,61,DHA,,Female,16,,154,2
female/61/1_DHA_16_2_157.jpg,61,DHA,,Female,16,,157,2
female/61/1_DHA_16_2_158.jpg,61,DHA,,Female,16,,158,2
female/61/1_DHA_16_2_159.jpg,61,DHA,,Female,16,,159,2
female/61/1_DHA_16_2_165.jpg,61,DHA,,Female,16,,165,2
female/61/1_DHA_16_2_167.jpg,61,DHA,,Female,16,,167,2
female/61/1_DHA_16_2_174.jpg,61,DHA,,Female,16,,174,2
female/61/1_DHA_16_2_175.jpg,61,DHA,,Female,16,,175,2
female/61/1_DHA_16_2_177.jpg,61,DHA,,Female,16,,177,2
female/61/1_DHA_16_2_180.jpg,61,DHA,,Female,16,,180,2
female/61/1_DHA_16_2_182.jpg,61,DHA,,Female,16,,182,2
female/61/1_DHA_16_2_189.jpg,61,DHA,,Female,16,,189,2
female/61/1_DHA_16_2_190.jpg,61,DHA,,Female,16,,190,2
female/61/1_DHA_16_2_193.jpg,61,DHA,,Female,16,,193,2
female/61/1_DHA_16_2_196.jpg,61,DHA,,Female,16,,196,2
female/61/1_DHA_16_2_208.jpg,61,DHA,,Female,16,,208,2
female/61/1_DHA_16_2_209.jpg,61,DHA,,Female,16,,209,2
female/61/1_DHA_16_2_210.jpg,61,DHA,,Female,16,,210,2
female/61/1_DHA_16_2_211.jpg,61,DHA,,Female,16,,211,2
female/61/1_DHA_16_2_212.jpg,61,DHA,,Female,16,,212,2
female/61/1_DHA_16_2_213.jpg,61,DHA,,Female,16,,213,2
female/61/1_DHA_16_2_252.jpg,61,DHA,,Female,16,,252,2
female/61/1_DHA_16_2_253.jpg,61,DHA,,Female,16,,253,2
female/61/1_DHA_16_2_254.jpg,61,DHA,,Female,16,,254,2
female/61/1_DHA_16_2_255.jpg,61,DHA,,Female,16,,255,2
female/61/1_DHA_16_2_256.jpg,61,DHA,,Female,16,,256,2
female/61/1_DHA_16_2_260.jpg,61,DHA,,Female,16,,260,2
female/61/1_DHA_16_2_261.jpg,61,DHA,,Female,16,,261,2
female/61/1_DHA_16_2_27.jpg,61,DHA,,Female,16,,27,2
female/61/1_DHA_16_2_28.jpg,61,DHA,,Female,16,,28,2
female/61/1_DHA_16_2_283.jpg,61,DHA,,Female,16,,283,2
female/61/1_DHA_16_2_291.jpg,61,DHA,,Female,16,,291,2
female/61/1_DHA_16_2_293.jpg,61,DHA,,Female,16,,293,2
female/61/1_DHA_16_2_294.jpg,61,DHA,,Female,16,,294,2
female/61/1_DHA_16_2_301.jpg,61,DHA,,Female,16,,301,2
female/61/1_DHA_16_2_309.jpg,61,DHA,,Female,16,,309,2
female/61/1_DHA_16_2_32.jpg,61,DHA,,Female,16,,32,2
female/61/1_DHA_16_2_324.jpg,61,DHA,,Female,16,,324,2
female/61/1_DHA_16_2_326.jpg,61,DHA,,Female,16,,326,2
female/61/1_DHA_16_2_328.jpg,61,DHA,,Female,16,,328,2
female/61/1_DHA_16_2_329.jpg,61,DHA,,Female,16,,329,2
female/61/1_DHA_16_2_332.jpg,61,DHA,,Female,16,,332,2
female/61/1_DHA_16_2_333.jpg,61,DHA,,Female,16,,333,2
female/61/1_DHA_16_2_334.jpg,61,DHA,,Female,16,,334,2
female/61/1_DHA_16_2_336.jpg,61,DHA,,Female,16,,336,2
female/61/1_DHA_16_2_34.jpg,61,DHA,,Female,16,,34,2
female/61/1_DHA_16_2_37.jpg,61,DHA,,Female,16,,37,2
female/61/1_DHA_16_2_38.jpg,61,DHA,,Female,16,,38,2
female/61/1_DHA_16_2_39.jpg,61,DHA,,Female,16,,39,2
female/61/1_DHA_16_2_44.jpg,61,DHA,,Female,16,,44,2
female/61/1_DHA_16_2_49.jpg,61,DHA,,Female,16,,49,2
female/61/1_DHA_16_2_50.jpg,61,DHA,,Female,16,,50,2
female/61/1_DHA_16_2_57.jpg,61,DHA,,Female,16,,57,2
female/61/1_DHA_16_2_6.jpg,61,DHA,,Female,16,,6,2
female/61/1_DHA_16_2_66.jpg,61,DHA,,Female,16,,66,2
female/61/1_DHA_16_2_82.jpg,61,DHA,,Female,16,,82,2
female/61/1_DHA_16_2_857.jpg,61,DHA,,Female,16,,857,2
female/61/1_DHA_16_2_869.jpg,61,DHA,,Female,16,,869,2
female/61/1_DHA_16_2_870.jpg,61,DHA,,Female,16,,870,2
female/61/1_DHA_16_2_89.jpg,61,DHA,,Female,16,,89,2
female/61/1_DHA_16_2_90.jpg,61,DHA,,Female,16,,90,2
female/61/1_DHA_16_2_900.jpg,61,DHA,,Female,16,,900,2
female/61/1_DHA_16_2_901.jpg,61,DHA,,Female,16,,901,2
female/61/1_DHA_16_2_905.jpg,61,DHA,,Female,16,,905,2
female/61/1_DHA_16_2_907.jpg,61,DHA,,Female,16,,907,2
female/61/1_DHA_16_2_910.jpg,61,DHA,,Female,16,,910,2
female/61/1_DHA_16_2_911.jpg,61,DHA,,Female,16,,911,2
female/61/1_DHA_16_2_913.jpg,61,DHA,,Female,16,,913,2
female/61/1_DHA_16_2_921.jpg,61,DHA,,Female,16,,921,2
female/61/1_DHA_16_2_932.jpg,61,DHA,,Female,16,,932,2
female/61/1_DHA_16_2_937.jpg,61,DHA,,Female,16,,937,2
female/61/1_DHA_16_2_939.jpg,61,DHA,,Female,16,,939,2
female/61/1_DHA_16_2_94.jpg,61,DHA,,Female,16,,94,2
female/61/1_DHA_16_2_940.jpg,61,DHA,,Female,16,,940,2
female/61/1_DHA_16_2_941.jpg,61,DHA,,Female,16,,941,2
female/61/1_DHA_16_2_942.jpg,61,DHA,,Female,16,,942,2
female/61/1_DHA_16_2_97.jpg,61,DHA,,Female,16,,97,2
female/61/1_DHA_16_2_971.jpg,61,DHA,,Female,16,,971,2
female/61/1_DHA_16_2_984.jpg,61,DHA,,Female,16,,984,2
female/61/1_DHA_16_2_985.jpg,61,DHA,,Female,16,,985,2
female/61/1_DHA_16_2_99.jpg,61,DHA,,Female,16,,99,2
female/61/1_DHA_16_2_995.jpg,61,DHA,,Female,16,,995,2
female/61/1_DHA_16_2_999.jpg,61,DHA,,Female,16,,999,2
female/61/1_DHA_17_1_1019.jpg,61,DHA,,Female,17,,1019,1
female/61/1_DHA_17_1_1028.jpg,61,DHA,,Female,17,,1028,1
female/61/1_DHA_17_1_1045.jpg,61,DHA,,Female,17,,1045,1
female/61/1_DHA_17_1_1073.jpg,61,DHA,,Female,17,,1073,1
female/61/1_DHA_17_1_1077.jpg,61,DHA,,Female,17,,1077,1
female/61/1_DHA_17_1_1111.jpg,61,DHA,,Female,17,,1111,1
female/61/1_DHA_17_1_1124.jpg,61,DHA,,Female,17,,1124,1
female/61/1_DHA_17_1_1202.jpg,61,DHA,,Female,17,,1202,1
female/61/1_DHA_17_1_1232.jpg,61,DHA,,Female,17,,1232,1
female/61/1_DHA_17_1_836.jpg,61,DHA,,Female,17,,836,1
female/61/1_DHA_17_1_966.jpg,61,DHA,,Female,17,,966,1
female/61/1_DHA_17_2_100.jpg,61,DHA,,Female,17,,100,2
female/61/1_DHA_17_2_1017.jpg,61,DHA,,Female,17,,1017,2
female/61/1_DHA_17_2_102.jpg,61,DHA,,Female,17,,102,2
female/61/1_DHA_17_2_103.jpg,61,DHA,,Female,17,,103,2
female/61/1_DHA_17_2_106.jpg,61,DHA,,Female,17,,106,2
female/61/1_DHA_17_2_1131.jpg,61,DHA,,Female,17,,1131,2
female/61/1_DHA_17_2_117.jpg,61,DHA,,Female,17,,117,2
female/61/1_DHA_17_2_118.jpg,61,DHA,,Female,17,,118,2
female/61/1_DHA_17_2_120.jpg,61,DHA,,Female,17,,120,2
female/61/1_DHA_17_2_121.jpg,61,DHA,,Female,17,,121,2
female/61/1_DHA_17_2_1218.jpg,61,DHA,,Female,17,,1218,2
female/61/1_DHA_17_2_1219.jpg,61,DHA,,Female,17,,1219,2
female/61/1_DHA_17_2_122.jpg,61,DHA,,Female,17,,122,2
female/61/1_DHA_17_2_1222.jpg,61,DHA,,Female,17,,1222,2
female/61/1_DHA_17_2_1226.jpg,61,DHA,,Female,17,,1226,2
female/61/1_DHA_17_2_1242.jpg,61,DHA,,Female,17,,1242,2
female/61/1_DHA_17_2_125.jpg,61,DHA,,Female,17,,125,2
female/61/1_DHA_17_2_126.jpg,61,DHA,,Female,17,,126,2
female/61/1_DHA_17_2_1266.jpg,61,DHA,,Female,17,,1266,2
female/61/1_DHA_17_2_1287.jpg,61,DHA,,Female,17,,1287,2
female/61/1_DHA_17_2_1295.jpg,61,DHA,,Female,17,,1295,2
female/61/1_DHA_17_2_136.jpg,61,DHA,,Female,17,,136,2
female/61/1_DHA_17_2_137.jpg,61,DHA,,Female,17,,137,2
female/61/1_DHA_17_2_138.jpg,61,DHA,,Female,17,,138,2
female/61/1_DHA_17_2_147.jpg,61,DHA,,Female,17,,147,2
female/61/1_DHA_17_2_153.jpg,61,DHA,,Female,17,,153,2
female/61/1_DHA_17_2_155.jpg,61,DHA,,Female,17,,155,2
female/61/1_DHA_17_2_156.jpg,61,DHA,,Female,17,,156,2
female/61/1_DHA_17_2_16.jpg,61,DHA,,Female,17,,16,2
female/61/1_DHA_17_2_161.jpg,61,DHA,,Female,17,,161,2
female/61/1_DHA_17_2_162.jpg,61,DHA,,Female,17,,162,2
female/61/1_DHA_17_2_164.jpg,61,DHA,,Female,17,,164,2
female/61/1_DHA_17_2_166.jpg,61,DHA,,Female,17,,166,2
female/61/1_DHA_17_2_168.jpg,61,DHA,,Female,17,,168,2
female/61/1_DHA_17_2_170.jpg,61,DHA,,Female,17,,170,2
female/61/1_DHA_17_2_173.jpg,61,DHA,,Female,17,,173,2
female/61/1_DHA_17_2_18.jpg,61,DHA,,Female,17,,18,2
female/61/1_DHA_17_2_181.jpg,61,DHA,,Female,17,,181,2
female/61/1_DHA_17_2_183.jpg,61,DHA,,Female,17,,183,2
female/61/1_DHA_17_2_184.jpg,61,DHA,,Female,17,,184,2
female/61/1_DHA_17_2_185.jpg,61,DHA,,Female,17,,185,2
female/61/1_DHA_17_2_188.jpg,61,DHA,,Female,17,,188,2
female/61/1_DHA_17_2_19.jpg,61,DHA,,Female,17,,19,2
female/61/1_DHA_17_2_195.jpg,61,DHA,,Female,17,,195,2
female/61/1_DHA_17_2_200.jpg,61,DHA,,Female,17,,200,2
female/61/1_DHA_17_2_201.jpg,61,DHA,,Female,17,,201,2
female/61/1_DHA_17_2_202.jpg,61,DHA,,Female,17,,202,2
female/61/1_DHA_17_2_205.jpg,61,DHA,,Female,17,,205,2
female/61/1_DHA_17_2_207.jpg,61,DHA,,Female,17,,207,2
female/61/1_DHA_17_2_21.jpg,61,DHA,,Female,17,,21,2
female/61/1_DHA_17_2_215.jpg,61,DHA,,Female,17,,215,2
female/61/1_DHA_17_2_218.jpg,61,DHA,,Female,17,,218,2
female/61/1_DHA_17_2_22.jpg,61,DHA,,Female,17,,22,2
female/61/1_DHA_17_2_221.jpg,61,DHA,,Female,17,,221,2
female/61/1_DHA_17_2_223.jpg,61,DHA,,Female,17,,223,2
female/61/1_DHA_17_2_225.jpg,61,DHA,,Female,17,,225,2
female/61/1_DHA_17_2_229.jpg,61,DHA,,Female,17,,229,2
female/61/1_DHA_17_2_230.jpg,61,DHA,,Female,17,,230,2
female/61/1_DHA_17_2_231.jpg,61,DHA,,Female,17,,231,2
female/61/1_DHA_17_2_232.jpg,61,DHA,,Female,17,,232,2
female/61/1_DHA_17_2_235.jpg,61,DHA,,Female,17,,235,2
female/61/1_DHA_17_2_237.jpg,61,DHA,,Female,17,,237,2
female/61/1_DHA_17_2_238.jpg,61,DHA,,Female,17,,238,2
female/61/1_DHA_17_2_239.jpg,61,DHA,,Female,17,,239,2
female/61/1_DHA_17_2_245.jpg,61,DHA,,Female,17,,245,2
female/61/1_DHA_17_2_246.jpg,61,DHA,,Female,17,,246,2
female/61/1_DHA_17_2_250.jpg,61,DHA,,Female,17,,250,2
female/61/1_DHA_17_2_251.jpg,61,DHA,,Female,17,,251,2
female/61/1_DHA_17_2_257.jpg,61,DHA,,Female,17,,257,2
female/61/1_DHA_17_2_258.jpg,61,DHA,,Female,17,,258,2
female/61/1_DHA_17_2_262.jpg,61,DHA,,Female,17,,262,2
female/61/1_DHA_17_2_264.jpg,61,DHA,,Female,17,,264,2
female/61/1_DHA_17_2_265.jpg,61,DHA,,Female,17,,265,2
female/61/1_DHA_17_2_272.jpg,61,DHA,,Female,17,,272,2
female/61/1_DHA_17_2_275.jpg,61,DHA,,Female,17,,275,2
female/61/1_DHA_17_2_276.jpg,61,DHA,,Female,17,,276,2
female/61/1_DHA_17_2_277.jpg,61,DHA,,Female,17,,277,2
female/61/1_DHA_17_2_278.jpg,61,DHA,,Female,17,,278,2
female/61/1_DHA_17_2_282.jpg,61,DHA,,Female,17,,282,2
female/61/1_DHA_17_2_286.jpg,61,DHA,,Female,17,,286,2
female/61/1_DHA_17_2_297.jpg,61,DHA,,Female,17,,297,2
female/61/1_DHA_17_2_299.jpg,61,DHA,,Female,17,,299,2
female/61/1_DHA_17_2_308.jpg,61,DHA,,Female,17,,308,2
female/61/1_DHA_17_2_310.jpg,61,DHA,,Female,17,,310,2
female/61/1_DHA_17_2_312.jpg,61,DHA,,Female,17,,312,2
female/61/1_DHA_17_2_313.jpg,61,DHA,,Female,17,,313,2
female/61/1_DHA_17_2_314.jpg,61,DHA,,Female,17,,314,2
female/61/1_DHA_17_2_315.jpg,61,DHA,,Female,17,,315,2
female/61/1_DHA_17_2_316.jpg,61,DHA,,Female,17,,316,2
female/61/1_DHA_17_2_321.jpg,61,DHA,,Female,17,,321,2
female/61/1_DHA_17_2_337.jpg,61,DHA,,Female,17,,337,2
female/61/1_DHA_17_2_36.jpg,61,DHA,,Female,17,,36,2
female/61/1_DHA_17_2_42.jpg,61,DHA,,Female,17,,42,2
female/61/1_DHA_17_2_43.jpg,61,DHA,,Female,17,,43,2
female/61/1_DHA_17_2_5.jpg,61,DHA,,Female,17,,5,2
female/61/1_DHA_17_2_51.jpg,61,DHA,,Female,17,,51,2
female/61/1_DHA_17_2_52.jpg,61,DHA,,Female,17,,52,2
female/61/1_DHA_17_2_53.jpg,61,DHA,,Female,17,,53,2
female/61/1_DHA_17_2_56.jpg,61,DHA,,Female,17,,56,2
female/61/1_DHA_17_2_60.jpg,61,DHA,,Female,17,,60,2
female/61/1_DHA_17_2_61.jpg,61,DHA,,Female,17,,61,2
female/61/1_DHA_17_2_63.jpg,61,DHA,,Female,17,,63,2
female/61/1_DHA_17_2_639.jpg,61,DHA,,Female,17,,639,2
female/61/1_DHA_17_2_64.jpg,61,DHA,,Female,17,,64,2
female/61/1_DHA_17_2_65.jpg,61,DHA,,Female,17,,65,2
female/61/1_DHA_17_2_67.jpg,61,DHA,,Female,17,,67,2
female/61/1_DHA_17_2_68.jpg,61,DHA,,Female,17,,68,2
female/61/1_DHA_17_2_71.jpg,61,DHA,,Female,17,,71,2
female/61/1_DHA_17_2_72.jpg,61,DHA,,Female,17,,72,2
female/61/1_DHA_17_2_73.jpg,61,DHA,,Female,17,,73,2
female/61/1_DHA_17_2_74.jpg,61,DHA,,Female,17,,74,2
female/61/1_DHA_17_2_76.jpg,61,DHA,,Female,17,,76,2
female/61/1_DHA_17_2_77.jpg,61,DHA,,Female,17,,77,2
female/61/1_DHA_17_2_8.jpg,61,DHA,,Female,17,,8,2
female/61/1_DHA_17_2_837.jpg,61,DHA,,Female,17,,837,2
female/61/1_DHA_17_2_838.jpg,61,DHA,,Female,17,,838,2
female/61/1_DHA_17_2_839.jpg,61,DHA,,Female,17,,839,2
female/61/1_DHA_17_2_845.jpg,61,DHA,,Female,17,,845,2
female/61/1_DHA_17_2_846.jpg,61,DHA,,Female,17,,846,2
female/61/1_DHA_17_2_847.jpg,61,DHA,,Female,17,,847,2
female/61/1_DHA_17_2_849.jpg,61,DHA,,Female,17,,849,2
female/61/1_DHA_17_2_853.jpg,61,DHA,,Female,17,,853,2
female/61/1_DHA_17_2_856.jpg,61,DHA,,Female,17,,856,2
female/61/1_DHA_17_2_858.jpg,61,DHA,,Female,17,,858,2
female/61/1_DHA_17_2_859.jpg,61,DHA,,Female,17,,859,2
female/61/1_DHA_17_2_861.jpg,61,DHA,,Female,17,,861,2
female/61/1_DHA_17_2_862.jpg,61,DHA,,Female,17,,862,2
female/61/1_DHA_17_2_878.jpg,61,DHA,,Female,17,,878,2
female/61/1_DHA_17_2_884.jpg,61,DHA,,Female,17,,884,2
female/61/1_DHA_17_2_892.jpg,61,DHA,,Female,17,,892,2
female/61/1_DHA_17_2_902.jpg,61,DHA,,Female,17,,902,2
female/61/1_DHA_17_2_908.jpg,61,DHA,,Female,17,,908,2
female/61/1_DHA_17_2_909.jpg,61,DHA,,Female,17,,909,2
female/61/1_DHA_17_2_915.jpg,61,DHA,,Female,17,,915,2
female/61/1_DHA_17_2_919.jpg,61,DHA,,Female,17,,919,2
female/61/1_DHA_17_2_92.jpg,61,DHA,,Female,17,,92,2
female/61/1_DHA_17_2_922.jpg,61,DHA,,Female,17,,922,2
female/61/1_DHA_17_2_93.jpg,61,DHA,,Female,17,,93,2
female/61/1_DHA_17_2_949.jpg,61,DHA,,Female,17,,949,2
female/61/1_DHA_17_2_954.jpg,61,DHA,,Female,17,,954,2
female/61/1_DHA_17_2_979.jpg,61,DHA,,Female,17,,979,2
female/61/1_DHA_17_2_980.jpg,61,DHA,,Female,17,,980,2
female/61/1_DHA_17_2_981.jpg,61,DHA,,Female,17,,981,2
female/61/1_DHA_17_2_987.jpg,61,DHA,,Female,17,,987,2
female/61/1_DHA_17_2_998.jpg,61,DHA,,Female,17,,998,2
female/61/1_DHA_18_2_1291.jpg,61,DHA,,Female,18,,1291,2
female/61/1_DHA_18_2_135.jpg,61,DHA,,Female,18,,135,2
female/61/1_DHA_18_2_171.jpg,61,DHA,,Female,18,,171,2
female/61/1_DHA_18_2_172.jpg,61,DHA,,Female,18,,172,2
female/61/1_DHA_18_2_216.jpg,61,DHA,,Female,18,,216,2
female/61/1_DHA_18_2_217.jpg,61,DHA,,Female,18,,217,2
female/61/1_DHA_18_2_219.jpg,61,DHA,,Female,18,,219,2
female/61/1_DHA_18_2_220.jpg,61,DHA,,Female,18,,220,2
female/61/1_DHA_18_2_227.jpg,61,DHA,,Female,18,,227,2
female/61/1_DHA_18_2_228.jpg,61,DHA,,Female,18,,228,2
female/61/1_DHA_18_2_23.jpg,61,DHA,,Female,18,,23,2
female/61/1_DHA_18_2_236.jpg,61,DHA,,Female,18,,236,2
female/61/1_DHA_18_2_240.jpg,61,DHA,,Female,18,,240,2
female/61/1_DHA_18_2_244.jpg,61,DHA,,Female,18,,244,2
female/61/1_DHA_18_2_247.jpg,61,DHA,,Female,18,,247,2
female/61/1_DHA_18_2_248.jpg,61,DHA,,Female,18,,248,2
female/61/1_DHA_18_2_26.jpg,61,DHA,,Female,18,,26,2
female/61/1_DHA_18_2_273.jpg,61,DHA,,Female,18,,273,2
female/61/1_DHA_18_2_284.jpg,61,DHA,,Female,18,,284,2
female/61/1_DHA_18_2_285.jpg,61,DHA,,Female,18,,285,2
female/61/1_DHA_18_2_288.jpg,61,DHA,,Female,18,,288,2
female/61/1_DHA_18_2_290.jpg,61,DHA,,Female,18,,290,2
female/61/1_DHA_18_2_30.jpg,61,DHA,,Female,18,,30,2
female/61/1_DHA_18_2_306.jpg,61,DHA,,Female,18,,306,2
female/61/1_DHA_18_2_521.jpg,61,DHA,,Female,18,,521,2
female/61/1_DHA_18_2_841.jpg,61,DHA,,Female,18,,841,2
female/61/1_DHA_18_2_844.jpg,61,DHA,,Female,18,,844,2
female/61/1_DHA_18_2_850.jpg,61,DHA,,Female,18,,850,2
female/61/1_DHA_18_2_860.jpg,61,DHA,,Female,18,,860,2
female/61/1_DHA_18_2_871.jpg,61,DHA,,Female,18,,871,2
female/61/1_DHA_18_2_9.jpg,61,DHA,,Female,18,,9,2
female/61/1_DHA_18_2_903.jpg,61,DHA,,Female,18,,903,2
female/61/1_DHA_18_2_912.jpg,61,DHA,,Female,18,,912,2
female/61/1_DHA_18_2_930.jpg,61,DHA,,Female,18,,930,2
female/61/1_DHA_19_3_499.jpg,61,DHA,,Female,19,,499,3
female/61/1_DHA_20_3_341.jpg,61,DHA,,Female,20,,341,3
female/61/1_DHA_22_3_496.jpg,61,DHA,,Female,22,,496,3
female/61/1_DHA_23_3_495.jpg,61,DHA,,Female,23,,495,3
female/61/1_DHA_23_3_497.jpg,61,DHA,,Female,23,,497,3
female/61/1_DIN_16_1_1022.jpg,61,DIN,,Female,16,,1022,1
female/61/1_DIN_16_2_59.jpg,61,DIN,,Female,16,,59,2
female/61/1_FAR_13_1_1041.jpg,61,FAR,,Female,13,,1041,1
female/61/1_FAR_13_1_1057.jpg,61,FAR,,Female,13,,1057,1
female/61/1_FAR_13_1_1159.jpg,61,FAR,,Female,13,,1159,1
female/61/1_FAR_15_1_1254.jpg,61,FAR,,Female,15,,1254,1
female/61/1_FAR_15_1_692.jpg,61,FAR,,Female,15,,692,1
female/61/1_FAR_15_1_965.jpg,61,FAR,,Female,15,,965,1
female/61/1_FAR_16_1_1121.jpg,61,FAR,,Female,16,,1121,1
female/61/1_FAR_16_2_88.jpg,61,FAR,,Female,16,,88,2
female/61/1_FAR_17_2_318.jpg,61,FAR,,Female,17,,318,2
female/61/1_FAR_17_2_46.jpg,61,FAR,,Female,17,,46,2
female/61/1_FAR_17_2_69.jpg,61,FAR,,Female,17,,69,2
female/61/1_FEN_13_1_661.jpg,61,FEN,,Female,13,,661,1
female/61/1_FEN_14_1_1010.jpg,61,FEN,,Female,14,,1010,1
female/61/1_FEN_14_1_1094.jpg,61,FEN,,Female,14,,1094,1
female/61/1_FEN_14_1_777.jpg,61,FEN,,Female,14,,777,1
female/61/1_FEN_15_1_1008.jpg,61,FEN,,Female,15,,1008,1
female/61/1_FEN_15_1_1055.jpg,61,FEN,,Female,15,,1055,1
female/61/1_FEN_15_1_1144.jpg,61,FEN,,Female,15,,1144,1
female/61/1_FEN_15_2_918.jpg,61,FEN,,Female,15,,918,2
female/61/1_FEN_16_2_113.jpg,61,FEN,,Female,16,,113,2
female/61/1_FEN_16_2_920.jpg,61,FEN,,Female,16,,920,2
female/61/1_FEN_16_2_925.jpg,61,FEN,,Female,16,,925,2
female/61/1_FEN_16_2_953.jpg,61,FEN,,Female,16,,953,2
female/61/1_FEN_17_2_2.jpg,61,FEN,,Female,17,,2,2
female/61/1_FEN_17_2_233.jpg,61,FEN,,Female,17,,233,2
female/61/1_FEN_18_2_1128.jpg,61,FEN,,Female,18,,1128,2
female/61/1_FEN_18_2_873.jpg,61,FEN,,Female,18,,873,2
female/61/1_GAI_13_1_1195.jpg,61,GAI,,Female,13,,1195,1
female/61/1_GAI_14_1_1009.jpg,61,GAI,,Female,14,,1009,1
female/61/1_GAI_14_1_801.jpg,61,GAI,,Female,14,,801,1
female/61/1_GAI_15_1_1147.jpg,61,GAI,,Female,15,,1147,1
female/61/1_GAI_15_1_800.jpg,61,GAI,,Female,15,,800,1
female/61/1_GAZ_12_1_824.jpg,61,GAZ,,Female,12,,824,1
female/61/1_GAZ_13_1_1088.jpg,61,GAZ,,Female,13,,1088,1
female/61/1_GAZ_14_1_695.jpg,61,GAZ,,Female,14,,695,1
female/61/1_GAZ_14_1_720.jpg,61,GAZ,,Female,14,,720,1
female/61/1_GAZ_15_2_955.jpg,61,GAZ,,Female,15,,955,2
female/61/1_GOP_11_1_759.jpg,61,GOP,,Female,11,,759,1
female/61/1_GOP_11_1_760.jpg,61,GOP,,Female,11,,760,1
female/61/1_GOP_11_1_830.jpg,61,GOP,,Female,11,,830,1
female/61/1_GOP_14_1_1076.jpg,61,GOP,,Female,14,,1076,1
female/61/1_GOP_14_1_509.jpg,61,GOP,,Female,14,,509,1
female/61/1_GOP_15_1_713.jpg,61,GOP,,Female,15,,713,1
female/61/1_GOP_17_2_895.jpg,61,GOP,,Female,17,,895,2
female/61/1_GOP_17_2_896.jpg,61,GOP,,Female,17,,896,2
female/61/1_HAB_14_1_1249.jpg,61,HAB,,Female,14,,1249,1
female/61/1_JAM_14_1_354.jpg,61,JAM,,Female,14,,354,1
female/61/1_JAM_16_1_1271.jpg,61,JAM,,Female,16,,1271,1
female/61/1_JAM_16_2_936.jpg,61,JAM,,Female,16,,936,2
female/61/1_JES_14_1_352.jpg,61,JES,,Female,14,,352,1
female/61/1_JES_16_2_292.jpg,61,JES,,Female,16,,292,2
female/61/1_JES_16_2_323.jpg,61,JES,,Female,16,,323,2
female/61/1_JES_17_2_224.jpg,61,JES,,Female,17,,224,2
female/61/1_KHU_11_1_829.jpg,61,KHU,,Female,11,,829,1
female/61/1_KHU_13_1_1175.jpg,61,KHU,,Female,13,,1175,1
female/61/1_KHU_13_1_1194.jpg,61,KHU,,Female,13,,1194,1
female/61/1_KHU_13_1_1236.jpg,61,KHU,,Female,13,,1236,1
female/61/1_KHU_15_1_1143.jpg,61,KHU,,Female,15,,1143,1
female/61/1_KHU_15_1_1150.jpg,61,KHU,,Female,15,,1150,1
female/61/1_KHU_15_1_368.jpg,61,KHU,,Female,15,,368,1
female/61/1_KHU_16_1_1138.jpg,61,KHU,,Female,16,,1138,1
female/61/1_KHU_16_2_7.jpg,61,KHU,,Female,16,,7,2
female/61/1_KIS_13_1_1047.jpg,61,KIS,,Female,13,,1047,1
female/61/1_KIS_13_1_770.jpg,61,KIS,,Female,13,,770,1
female/61/1_KIS_14_1_1215.jpg,61,KIS,,Female,14,,1215,1
female/61/1_KIS_14_1_747.jpg,61,KIS,,Female,14,,747,1
female/61/1_KIS_15_1_1112.jpg,61,KIS,,Female,15,,1112,1
female/61/1_KIS_15_1_1135.jpg,61,KIS,,Female,15,,1135,1
female/61/1_KIS_15_1_775.jpg,61,KIS,,Female,15,,775,1
female/61/1_KIS_15_1_961.jpg,61,KIS,,Female,15,,961,1
female/61/1_KIS_16_1_1139.jpg,61,KIS,,Female,16,,1139,1
female/61/1_KIS_17_2_927.jpg,61,KIS,,Female,17,,927,2
female/61/1_KIS_17_2_929.jpg,61,KIS,,Female,17,,929,2
female/61/1_KUS_14_1_687.jpg,61,KUS,,Female,14,,687,1
female/61/1_LAK_12_1_671.jpg,61,LAK,,Female,12,,671,1
female/61/1_LAK_12_1_672.jpg,61,LAK,,Female,12,,672,1
female/61/1_LAK_14_1_974.jpg,61,LAK,,Female,14,,974,1
female/61/1_LAK_16_2_340.jpg,61,LAK,,Female,16,,340,2
female/61/1_LAK_17_2_843.jpg,61,LAK,,Female,17,,843,2
female/61/1_LAK_17_2_904.jpg,61,LAK,,Female,17,,904,2
female/61/1_LAK_18_2_1299.jpg,61,LAK,,Female,18,,1299,2
female/61/1_LAK_18_2_319.jpg,61,LAK,,Female,18,,319,2
female/61/1_MAD_12_1_666.jpg,61,MAD,,Female,12,,666,1
female/61/1_MAD_13_1_609.jpg,61,MAD,,Female,13,,609,1
female/61/1_MAD_14_1_1015.jpg,61,MAD,,Female,14,,1015,1
female/61/1_MAD_14_1_347.jpg,61,MAD,,Female,14,,347,1
female/61/1_MAD_14_1_702.jpg,61,MAD,,Female,14,,702,1
female/61/1_MAD_14_1_779.jpg,61,MAD,,Female,14,,779,1
female/61/1_MAD_16_1_1038.jpg,61,MAD,,Female,16,,1038,1
female/61/1_MAD_16_2_150.jpg,61,MAD,,Female,16,,150,2
female/61/1_MAD_16_2_269.jpg,61,MAD,,Female,16,,269,2
female/61/1_MAD_16_2_98.jpg,61,MAD,,Female,16,,98,2
female/61/1_MAD_17_2_1273.jpg,61,MAD,,Female,17,,1273,2
female/61/1_MAD_17_2_1278.jpg,61,MAD,,Female,17,,1278,2
female/61/1_MAD_17_2_151.jpg,61,MAD,,Female,17,,151,2
female/61/1_MAD_17_2_241.jpg,61,MAD,,Female,17,,241,2
female/61/1_MAD_17_2_249.jpg,61,MAD,,Female,17,,249,2
female/61/1_MAD_17_2_31.jpg,61,MAD,,Female,17,,31,2
female/61/1_MAD_17_2_45.jpg,61,MAD,,Female,17,,45,2
female/61/1_MAD_17_2_95.jpg,61,MAD,,Female,17,,95,2
female/61/1_MAD_19_3_342.jpg,61,MAD,,Female,19,,342,3
female/61/1_MAG_17_2_75.jpg,61,MAG,,Female,17,,75,2
female/61/1_MAN_13_1_1089.jpg,61,MAN,,Female,13,,1089,1
female/61/1_MAN_14_1_1216.jpg,61,MAN,,Female,14,,1216,1
female/61/1_MAN_14_1_715.jpg,61,MAN,,Female,14,,715,1
female/61/1_MUN_11_1_647.jpg,61,MUN,,Female,11,,647,1
female/61/1_MUN_11_1_681.jpg,61,MUN,,Female,11,,681,1
female/61/1_MUN_12_1_667.jpg,61,MUN,,Female,12,,667,1
female/61/1_MUN_12_1_676.jpg,61,MUN,,Female,12,,676,1
female/61/1_MUN_12_1_754.jpg,61,MUN,,Female,12,,754,1
female/61/1_MUN_12_1_761.jpg,61,MUN,,Female,12,,761,1
female/61/1_MUN_12_1_766.jpg,61,MUN,,Female,12,,766,1
female/61/1_MUN_12_1_832.jpg,61,MUN,,Female,12,,832,1
female/61/1_MUN_13_1_1060.jpg,61,MUN,,Female,13,,1060,1
female/61/1_MUN_13_1_1160.jpg,61,MUN,,Female,13,,1160,1
female/61/1_MUN_13_1_1161.jpg,61,MUN,,Female,13,,1161,1
female/61/1_MUN_13_1_1168.jpg,61,MUN,,Female,13,,1168,1
female/61/1_MUN_14_1_1056.jpg,61,MUN,,Female,14,,1056,1
female/61/1_MUN_14_1_1082.jpg,61,MUN,,Female,14,,1082,1
female/61/1_MUN_14_1_1158.jpg,61,MUN,,Female,14,,1158,1
female/61/1_MUN_14_1_1162.jpg,61,MUN,,Female,14,,1162,1
female/61/1_MUN_14_1_1165.jpg,61,MUN,,Female,14,,1165,1
female/61/1_MUN_14_1_1245.jpg,61,MUN,,Female,14,,1245,1
female/61/1_MUN_14_1_500.jpg,61,MUN,,Female,14,,500,1
female/61/1_MUN_14_1_786.jpg,61,MUN,,Female,14,,786,1
female/61/1_MUN_15_1_1140.jpg,61,MUN,,Female,15,,1140,1
female/61/1_MUN_15_1_1256.jpg,61,MUN,,Female,15,,1256,1
female/61/1_MUN_15_1_367.jpg,61,MUN,,Female,15,,367,1
female/61/1_MUN_15_1_502.jpg,61,MUN,,Female,15,,502,1
female/61/1_MUN_15_1_697.jpg,61,MUN,,Female,15,,697,1
female/61/1_MUN_15_1_701.jpg,61,MUN,,Female,15,,701,1
female/61/1_MUN_15_1_716.jpg,61,MUN,,Female,15,,716,1
female/61/1_MUN_15_1_718.jpg,61,MUN,,Female,15,,718,1
female/61/1_MUN_16_1_1032.jpg,61,MUN,,Female,16,,1032,1
female/61/1_MUN_16_1_1044.jpg,61,MUN,,Female,16,,1044,1
female/61/1_MUN_16_1_1066.jpg,61,MUN,,Female,16,,1066,1
female/61/1_MUN_16_1_1079.jpg,61,MUN,,Female,16,,1079,1
female/61/1_MUN_16_1_780.jpg,61,MUN,,Female,16,,780,1
female/61/1_MUN_16_2_101.jpg,61,MUN,,Female,16,,101,2
female/61/1_MUN_16_2_110.jpg,61,MUN,,Female,16,,110,2
female/61/1_MUN_16_2_1272.jpg,61,MUN,,Female,16,,1272,2
female/61/1_MUN_16_2_20.jpg,61,MUN,,Female,16,,20,2
female/61/1_MUN_16_2_317.jpg,61,MUN,,Female,16,,317,2
female/61/1_MUN_16_2_91.jpg,61,MUN,,Female,16,,91,2
female/61/1_MUN_16_2_914.jpg,61,MUN,,Female,16,,914,2
female/61/1_MUN_16_2_924.jpg,61,MUN,,Female,16,,924,2
female/61/1_MUN_16_2_931.jpg,61,MUN,,Female,16,,931,2
female/61/1_MUN_16_2_993.jpg,61,MUN,,Female,16,,993,2
female/61/1_MUN_17_2_114.jpg,61,MUN,,Female,17,,114,2
female/61/1_MUN_17_2_1279.jpg,61,MUN,,Female,17,,1279,2
female/61/1_MUN_17_2_1296.jpg,61,MUN,,Female,17,,1296,2
female/61/1_MUN_17_2_203.jpg,61,MUN,,Female,17,,203,2
female/61/1_MUN_17_2_266.jpg,61,MUN,,Female,17,,266,2
female/61/1_MUN_17_2_866.jpg,61,MUN,,Female,17,,866,2
female/61/1_MUN_17_2_897.jpg,61,MUN,,Female,17,,897,2
female/61/1_MUN_17_2_991.jpg,61,MUN,,Female,17,,991,2
female/61/1_MUN_18_2_1127.jpg,61,MUN,,Female,18,,1127,2
female/61/1_MUN_18_2_274.jpg,61,MUN,,Female,18,,274,2
female/61/1_MUN_18_2_289.jpg,61,MUN,,Female,18,,289,2
female/61/1_MUN_18_2_852.jpg,61,MUN,,Female,18,,852,2
female/61/1_MUN_18_2_876.jpg,61,MUN,,Female,18,,876,2
female/61/1_MYM_13_1_1196.jpg,61,MYM,,Female,13,,1196,1
female/61/1_MYM_14_1_1157.jpg,61,MYM,,Female,14,,1157,1
female/61/1_MYM_14_1_688.jpg,61,MYM,,Female,14,,688,1
female/61/1_MYM_15_1_958.jpg,61,MYM,,Female,15,,958,1
female/61/1_MYM_16_2_296.jpg,61,MYM,,Female,16,,296,2
female/61/1_MYM_16_2_923.jpg,61,MYM,,Female,16,,923,2
female/61/1_MYM_17_2_1126.jpg,61,MYM,,Female,17,,1126,2
female/61/1_MYM_17_2_222.jpg,61,MYM,,Female,17,,222,2
female/61/1_MYM_17_2_875.jpg,61,MYM,,Female,17,,875,2
female/61/1_NAR_13_1_674.jpg,61,NAR,,Female,13,,674,1
female/61/1_NAR_14_1_515.jpg,61,NAR,,Female,14,,515,1
female/61/1_NAR_14_1_772.jpg,61,NAR,,Female,14,,772,1
female/61/1_NAR_15_1_1149.jpg,61,NAR,,Female,15,,1149,1
female/61/1_NAR_15_1_790.jpg,61,NAR,,Female,15,,790,1
female/61/1_NAR_15_2_281.jpg,61,NAR,,Female,15,,281,2
female/61/1_NAR_16_2_1005.jpg,61,NAR,,Female,16,,1005,2
female/61/1_NAR_16_2_1288.jpg,61,NAR,,Female,16,,1288,2
female/61/1_NAR_16_2_302.jpg,61,NAR,,Female,16,,302,2
female/61/1_NAR_16_2_872.jpg,61,NAR,,Female,16,,872,2
female/61/1_NAR_17_1_520.jpg,61,NAR,,Female,17,,520,1
female/61/1_NAR_17_2_890.jpg,61,NAR,,Female,17,,890,2
female/61/1_NAR_17_2_917.jpg,61,NAR,,Female,17,,917,2
female/61/1_NET_12_1_649.jpg,61,NET,,Female,12,,649,1
female/61/1_NOA_12_1_1260.jpg,61,NOA,,Female,12,,1260,1
female/61/1_NOA_12_1_765.jpg,61,NOA,,Female,12,,765,1
female/61/1_NOA_12_1_833.jpg,61,NOA,,Female,12,,833,1
female/61/1_NOA_13_1_1090.jpg,61,NOA,,Female,13,,1090,1
female/61/1_NOA_13_1_1097.jpg,61,NOA,,Female,13,,1097,1
female/61/1_NOA_13_1_1105.jpg,61,NOA,,Female,13,,1105,1
female/61/1_NOA_13_1_501.jpg,61,NOA,,Female,13,,501,1
female/61/1_NOA_14_1_1052.jpg,61,NOA,,Female,14,,1052,1
female/61/1_NOA_14_1_1164.jpg,61,NOA,,Female,14,,1164,1
female/61/1_NOA_14_1_615.jpg,61,NOA,,Female,14,,615,1
female/61/1_NOA_14_1_710.jpg,61,NOA,,Female,14,,710,1
female/61/1_NOA_14_1_793.jpg,61,NOA,,Female,14,,793,1
female/61/1_NOA_14_1_794.jpg,61,NOA,,Female,14,,794,1
female/61/1_NOA_14_1_976.jpg,61,NOA,,Female,14,,976,1
female/61/1_NOA_15_1_705.jpg,61,NOA,,Female,15,,705,1
female/61/1_NOA_15_1_964.jpg,61,NOA,,Female,15,,964,1
female/61/1_NOA_15_2_947.jpg,61,NOA,,Female,15,,947,2
female/61/1_NOA_16_2_1217.jpg,61,NOA,,Female,16,,1217,2
female/61/1_NOA_16_2_259.jpg,61,NOA,,Female,16,,259,2
female/61/1_NOA_16_2_303.jpg,61,NOA,,Female,16,,303,2
female/61/1_NOA_17_2_191.jpg,61,NOA,,Female,17,,191,2
female/61/1_NOA_17_2_242.jpg,61,NOA,,Female,17,,242,2
female/61/1_NOA_17_2_25.jpg,61,NOA,,Female,17,,25,2
female/61/1_NOA_17_2_311.jpg,61,NOA,,Female,17,,311,2
female/61/1_NOA_17_2_79.jpg,61,NOA,,Female,17,,79,2
female/61/1_NOA_17_2_982.jpg,61,NOA,,Female,17,,982,2
female/61/1_NOA_18_2_234.jpg,61,NOA,,Female,18,,234,2
female/61/1_NOA_18_2_887.jpg,61,NOA,,Female,18,,887,2
female/61/1_PAB_13_1_1033.jpg,61,PAB,,Female,13,,1033,1
female/61/1_PAB_15_1_557.jpg,61,PAB,,Female,15,,557,1
female/61/1_PAB_17_2_883.jpg,61,PAB,,Female,17,,883,2
female/61/1_PAT_14_1_712.jpg,61,PAT,,Female,14,,712,1
female/61/1_RAJ_14_1_356.jpg,61,RAJ,,Female,14,,356,1
female/61/1_RAJ_14_1_723.jpg,61,RAJ,,Female,14,,723,1
female/61/1_RAJ_14_1_727.jpg,61,RAJ,,Female,14,,727,1
female/61/1_RAJ_15_1_694.jpg,61,RAJ,,Female,15,,694,1
female/61/1_RAJ_15_1_721.jpg,61,RAJ,,Female,15,,721,1
female/61/1_RAJ_16_2_295.jpg,61,RAJ,,Female,16,,295,2
female/61/1_RAJ_17_2_842.jpg,61,RAJ,,Female,17,,842,2
female/61/1_RAN_14_1_1084.jpg,61,RAN,,Female,14,,1084,1
female/61/1_SAT_12_1_831.jpg,61,SAT,,Female,12,,831,1
female/61/1_SAT_17_2_1211.jpg,61,SAT,,Female,17,,1211,2
female/61/1_SHA_11_1_669.jpg,61,SHA,,Female,11,,669,1
female/61/1_SHA_12_1_662.jpg,61,SHA,,Female,12,,662,1
female/61/1_SHA_12_1_757.jpg,61,SHA,,Female,12,,757,1
female/61/1_SHA_12_1_825.jpg,61,SHA,,Female,12,,825,1
female/61/1_SHA_13_1_968.jpg,61,SHA,,Female,13,,968,1
female/61/1_SHA_13_1_973.jpg,61,SHA,,Female,13,,973,1
female/61/1_SHA_14_1_1101.jpg,61,SHA,,Female,14,,1101,1
female/61/1_SHA_14_1_519.jpg,61,SHA,,Female,14,,519,1
female/61/1_SHA_14_1_704.jpg,61,SHA,,Female,14,,704,1
female/61/1_SHA_14_1_714.jpg,61,SHA,,Female,14,,714,1
female/61/1_SHA_15_1_550.jpg,61,SHA,,Female,15,,550,1
female/61/1_SHA_15_1_771.jpg,61,SHA,,Female,15,,771,1
female/61/1_SHA_15_1_799.jpg,61,SHA,,Female,15,,799,1
female/61/1_SHA_15_1_959.jpg,61,SHA,,Female,15,,959,1
female/61/1_SHA_15_1_960.jpg,61,SHA,,Female,15,,960,1
female/61/1_SHA_16_1_1118.jpg,61,SHA,,Female,16,,1118,1
female/61/1_SHA_16_1_1119.jpg,61,SHA,,Female,16,,1119,1
female/61/1_SHA_16_2_267.jpg,61,SHA,,Female,16,,267,2
female/61/1_SHA_16_2_270.jpg,61,SHA,,Female,16,,270,2
female/61/1_SHA_17_1_638.jpg,61,SHA,,Female,17,,638,1
female/61/1_SHA_17_2_83.jpg,61,SHA,,Female,17,,83,2
female/61/1_SHA_18_2_854.jpg,61,SHA,,Female,18,,854,2
female/61/1_SHA_18_2_888.jpg,61,SHA,,Female,18,,888,2
female/61/1_SHI_15_1_1116.jpg,61,SHI,,Female,15,,1116,1
female/61/1_SIR_14_1_358.jpg,61,SIR,,Female,14,,358,1
female/61/1_SIR_14_1_791.jpg,61,SIR,,Female,14,,791,1
female/61/1_SIR_16_2_96.jpg,61,SIR,,Female,16,,96,2
female/61/1_SYL_15_1_570.jpg,61,SYL,,Female,15,,570,1
female/61/1_TAN_16_1_1152.jpg,61,TAN,,Female,16,,1152,1
female/61/1_TAN_16_2_55.jpg,61,TAN,,Female,16,,55,2
female/61/1_TAN_17_2_855.jpg,61,TAN,,Female,17,,855,2
female/66/1_DHA_15_2_198.jpg,66,DHA,,Female,15,,198,2
female/66/1_DHA_16_2_983.jpg,66,DHA,,Female,16,,983,2
female/89/1_DHA_17_2_226.jpg,89,DHA,,Female,17,,226,2
female/93/1_BAR_14_1_597.jpg,93,BAR,,Female,14,,597,1
female/95/1_BAR_13_1_472.jpg,95,BAR,,Female,13,,472,1
female/95/1_BAR_16_2_128.jpg,95,BAR,,Female,16,,128,2
female/95/1_DHA_13_1_427.jpg,95,DHA,,Female,13,,427,1
female/95/1_DHA_17_2_145.jpg,95,DHA,,Female,17,,145,2
female/95/1_DHA_17_2_331.jpg,95,DHA,,Female,17,,331,2
female/95/1_FEN_17_2_1280.jpg,95,FEN,,Female,17,,1280,2
female/104/1_DHA_17_2_178.jpg,104,DHA,,Female,17,,178,2
female/104/1_DHA_17_2_197.jpg,104,DHA,,Female,17,,197,2
female/105/1_BAR_17_2_169.jpg,105,BAR,,Female,17,,169,2
female/105/1_DHA_16_2_192.jpg,105,DHA,,Female,16,,192,2
female/117/1_DHA_16_2_199.jpg,117,DHA,,Female,16,,199,2
